-- --------------------------------------------------------
-- Host:                         192.168.22.101
-- Versi server:                 10.1.16-MariaDB - Source distribution
-- OS Server:                    Linux
-- HeidiSQL Versi:               9.5.0.5196
-- --------------------------------------------------------

/*!40101 SET @OLD_CHARACTER_SET_CLIENT=@@CHARACTER_SET_CLIENT */;
/*!40101 SET NAMES utf8 */;
/*!50503 SET NAMES utf8mb4 */;
/*!40014 SET @OLD_FOREIGN_KEY_CHECKS=@@FOREIGN_KEY_CHECKS, FOREIGN_KEY_CHECKS=0 */;
/*!40101 SET @OLD_SQL_MODE=@@SQL_MODE, SQL_MODE='NO_AUTO_VALUE_ON_ZERO' */;

-- membuang struktur untuk table puji.iuran
CREATE TABLE IF NOT EXISTS `iuran` (
  `id_iuran` int(11) NOT NULL AUTO_INCREMENT,
  `id_warga` int(11) DEFAULT NULL,
  `tanggal` date DEFAULT NULL,
  `bulan` int(11) DEFAULT NULL,
  `tahun` int(11) DEFAULT NULL,
  `id_jenis` int(11) DEFAULT NULL,
  `keterangan` varchar(200) DEFAULT NULL,
  `status` int(11) DEFAULT NULL,
  `user` varchar(50) DEFAULT NULL,
  `date_update` datetime DEFAULT NULL,
  PRIMARY KEY (`id_iuran`)
) ENGINE=InnoDB AUTO_INCREMENT=1511 DEFAULT CHARSET=latin1;

-- Membuang data untuk tabel puji.iuran: ~550 rows (lebih kurang)
/*!40000 ALTER TABLE `iuran` DISABLE KEYS */;
INSERT INTO `iuran` (`id_iuran`, `id_warga`, `tanggal`, `bulan`, `tahun`, `id_jenis`, `keterangan`, `status`, `user`, `date_update`) VALUES
	(890, 1, '2018-08-06', 1, 2018, 1, '', 1, 'admin', '2018-08-06 09:37:32'),
	(891, 2, '2018-08-06', 1, 2018, 1, '', 1, 'admin', '2018-08-06 09:37:32'),
	(892, 4, '2018-08-06', 1, 2018, 1, '', 1, 'admin', '2018-08-06 09:37:32'),
	(893, 5, '2018-08-06', 1, 2018, 1, '', 1, 'admin', '2018-08-06 09:37:32'),
	(894, 8, '2018-08-06', 1, 2018, 1, '', 1, 'admin', '2018-08-06 09:37:32'),
	(895, 9, '2018-08-06', 1, 2018, 1, '', 1, 'admin', '2018-08-06 09:37:32'),
	(896, 10, '2018-08-06', 1, 2018, 1, '', 1, 'admin', '2018-08-06 09:37:32'),
	(897, 11, '2018-08-06', 1, 2018, 1, '', 1, 'admin', '2018-08-06 09:37:32'),
	(898, 16, '2018-08-06', 1, 2018, 1, '', 1, 'admin', '2018-08-06 09:37:32'),
	(899, 17, '2018-08-06', 1, 2018, 1, '', 1, 'admin', '2018-08-06 09:37:32'),
	(900, 18, '2018-08-06', 1, 2018, 1, '', 1, 'admin', '2018-08-06 09:37:32'),
	(901, 19, '2018-08-06', 1, 2018, 1, '', 1, 'admin', '2018-08-06 09:37:32'),
	(902, 20, '2018-08-06', 1, 2018, 1, '', 1, 'admin', '2018-08-06 09:37:32'),
	(903, 21, '2018-08-06', 1, 2018, 1, '', 1, 'admin', '2018-08-06 09:37:32'),
	(904, 22, '2018-08-06', 1, 2018, 1, '', 1, 'admin', '2018-08-06 09:37:32'),
	(905, 23, '2018-08-06', 1, 2018, 1, '', 1, 'admin', '2018-08-06 09:37:32'),
	(906, 24, '2018-08-06', 1, 2018, 1, '', 1, 'admin', '2018-08-06 09:37:32'),
	(907, 26, '2018-08-06', 1, 2018, 1, '', 1, 'admin', '2018-08-06 09:37:32'),
	(908, 28, '2018-08-06', 1, 2018, 1, '', 1, 'admin', '2018-08-06 09:37:32'),
	(909, 29, '2018-08-06', 1, 2018, 1, '', 1, 'admin', '2018-08-06 09:37:32'),
	(910, 31, '2018-08-06', 1, 2018, 1, '', 1, 'admin', '2018-08-06 09:37:32'),
	(911, 32, '2018-08-06', 1, 2018, 1, '', 1, 'admin', '2018-08-06 09:37:32'),
	(912, 33, '2018-08-06', 1, 2018, 1, '', 1, 'admin', '2018-08-06 09:37:32'),
	(913, 34, '2018-08-06', 1, 2018, 1, '', 1, 'admin', '2018-08-06 09:37:32'),
	(914, 35, '2018-08-06', 1, 2018, 1, '', 1, 'admin', '2018-08-06 09:37:32'),
	(915, 36, '2018-08-06', 1, 2018, 1, '', 1, 'admin', '2018-08-06 09:37:32'),
	(916, 37, '2018-08-06', 1, 2018, 1, '', 1, 'admin', '2018-08-06 09:37:32'),
	(917, 38, '2018-08-06', 1, 2018, 1, '', 1, 'admin', '2018-08-06 09:37:32'),
	(918, 39, '2018-08-06', 1, 2018, 1, '', 1, 'admin', '2018-08-06 09:37:32'),
	(919, 40, '2018-08-06', 1, 2018, 1, '', 1, 'admin', '2018-08-06 09:37:32'),
	(920, 41, '2018-08-06', 1, 2018, 1, '', 1, 'admin', '2018-08-06 09:37:32'),
	(921, 42, '2018-08-06', 1, 2018, 1, '', 1, 'admin', '2018-08-06 09:37:32'),
	(922, 44, '2018-08-06', 1, 2018, 1, '', 1, 'admin', '2018-08-06 09:37:32'),
	(923, 46, '2018-08-06', 1, 2018, 1, '', 1, 'admin', '2018-08-06 09:37:32'),
	(925, 50, '2018-08-06', 1, 2018, 1, '', 1, 'admin', '2018-08-06 09:37:32'),
	(926, 51, '2018-08-06', 1, 2018, 1, '', 1, 'admin', '2018-08-06 09:37:32'),
	(927, 52, '2018-08-06', 1, 2018, 1, '', 1, 'admin', '2018-08-06 09:37:32'),
	(928, 53, '2018-08-06', 1, 2018, 1, '', 1, 'admin', '2018-08-06 09:37:32'),
	(929, 54, '2018-08-06', 1, 2018, 1, '', 1, 'admin', '2018-08-06 09:37:32'),
	(930, 56, '2018-08-06', 1, 2018, 1, '', 1, 'admin', '2018-08-06 09:37:32'),
	(931, 57, '2018-08-06', 1, 2018, 1, '', 1, 'admin', '2018-08-06 09:37:32'),
	(932, 58, '2018-08-06', 1, 2018, 1, '', 1, 'admin', '2018-08-06 09:37:32'),
	(933, 59, '2018-08-06', 1, 2018, 1, '', 1, 'admin', '2018-08-06 09:37:32'),
	(934, 60, '2018-08-06', 1, 2018, 1, '', 1, 'admin', '2018-08-06 09:37:32'),
	(935, 63, '2018-08-06', 1, 2018, 1, '', 1, 'admin', '2018-08-06 09:37:32'),
	(936, 67, '2018-08-06', 1, 2018, 1, '', 1, 'admin', '2018-08-06 09:37:32'),
	(937, 68, '2018-08-06', 1, 2018, 1, '', 1, 'admin', '2018-08-06 09:37:32'),
	(938, 69, '2018-08-06', 1, 2018, 1, '', 1, 'admin', '2018-08-06 09:37:32'),
	(939, 70, '2018-08-06', 1, 2018, 1, '', 1, 'admin', '2018-08-06 09:37:32'),
	(940, 1, '2018-08-06', 2, 2018, 1, '', 1, 'admin', '2018-08-06 09:37:32'),
	(941, 2, '2018-08-06', 2, 2018, 1, '', 1, 'admin', '2018-08-06 09:37:32'),
	(942, 4, '2018-08-06', 2, 2018, 1, '', 1, 'admin', '2018-08-06 09:37:32'),
	(943, 5, '2018-08-06', 2, 2018, 1, '', 1, 'admin', '2018-08-06 09:37:32'),
	(944, 8, '2018-08-06', 2, 2018, 1, '', 1, 'admin', '2018-08-06 09:37:32'),
	(945, 9, '2018-08-06', 2, 2018, 1, '', 1, 'admin', '2018-08-06 09:37:32'),
	(946, 10, '2018-08-06', 2, 2018, 1, '', 1, 'admin', '2018-08-06 09:37:32'),
	(947, 11, '2018-08-06', 2, 2018, 1, '', 1, 'admin', '2018-08-06 09:37:32'),
	(948, 16, '2018-08-06', 2, 2018, 1, '', 1, 'admin', '2018-08-06 09:37:32'),
	(949, 17, '2018-08-06', 2, 2018, 1, '', 1, 'admin', '2018-08-06 09:37:32'),
	(950, 18, '2018-08-06', 2, 2018, 1, '', 1, 'admin', '2018-08-06 09:37:32'),
	(951, 19, '2018-08-06', 2, 2018, 1, '', 1, 'admin', '2018-08-06 09:37:32'),
	(952, 20, '2018-08-06', 2, 2018, 1, '', 1, 'admin', '2018-08-06 09:37:32'),
	(953, 21, '2018-08-06', 2, 2018, 1, '', 1, 'admin', '2018-08-06 09:37:32'),
	(954, 22, '2018-08-06', 2, 2018, 1, '', 1, 'admin', '2018-08-06 09:37:32'),
	(955, 23, '2018-08-06', 2, 2018, 1, '', 1, 'admin', '2018-08-06 09:37:32'),
	(956, 24, '2018-08-06', 2, 2018, 1, '', 1, 'admin', '2018-08-06 09:37:32'),
	(957, 26, '2018-08-06', 2, 2018, 1, '', 1, 'admin', '2018-08-06 09:37:32'),
	(958, 28, '2018-08-06', 2, 2018, 1, '', 1, 'admin', '2018-08-06 09:37:32'),
	(959, 29, '2018-08-06', 2, 2018, 1, '', 1, 'admin', '2018-08-06 09:37:32'),
	(960, 31, '2018-08-06', 2, 2018, 1, '', 1, 'admin', '2018-08-06 09:37:32'),
	(961, 32, '2018-08-06', 2, 2018, 1, '', 1, 'admin', '2018-08-06 09:37:32'),
	(962, 33, '2018-08-06', 2, 2018, 1, '', 1, 'admin', '2018-08-06 09:37:32'),
	(963, 34, '2018-08-06', 2, 2018, 1, '', 1, 'admin', '2018-08-06 09:37:32'),
	(964, 35, '2018-08-06', 2, 2018, 1, '', 1, 'admin', '2018-08-06 09:37:32'),
	(965, 36, '2018-08-06', 2, 2018, 1, '', 1, 'admin', '2018-08-06 09:37:32'),
	(966, 37, '2018-08-06', 2, 2018, 1, '', 1, 'admin', '2018-08-06 09:37:32'),
	(967, 38, '2018-08-06', 2, 2018, 1, '', 1, 'admin', '2018-08-06 09:37:32'),
	(968, 39, '2018-08-06', 2, 2018, 1, '', 1, 'admin', '2018-08-06 09:37:32'),
	(969, 40, '2018-08-06', 2, 2018, 1, '', 1, 'admin', '2018-08-06 09:37:32'),
	(970, 41, '2018-08-06', 2, 2018, 1, '', 1, 'admin', '2018-08-06 09:37:32'),
	(971, 42, '2018-08-06', 2, 2018, 1, '', 1, 'admin', '2018-08-06 09:37:32'),
	(972, 44, '2018-08-06', 2, 2018, 1, '', 1, 'admin', '2018-08-06 09:37:32'),
	(973, 46, '2018-08-06', 2, 2018, 1, '', 1, 'admin', '2018-08-06 09:37:32'),
	(974, 47, '2018-08-06', 2, 2018, 1, '', 1, 'admin', '2018-08-06 09:37:32'),
	(975, 49, '2018-08-06', 2, 2018, 1, '', 1, 'admin', '2018-08-06 09:37:32'),
	(976, 50, '2018-08-06', 2, 2018, 1, '', 1, 'admin', '2018-08-06 09:37:32'),
	(977, 51, '2018-08-06', 2, 2018, 1, '', 1, 'admin', '2018-08-06 09:37:32'),
	(978, 52, '2018-08-06', 2, 2018, 1, '', 1, 'admin', '2018-08-06 09:37:32'),
	(979, 53, '2018-08-06', 2, 2018, 1, '', 1, 'admin', '2018-08-06 09:37:32'),
	(980, 54, '2018-08-06', 2, 2018, 1, '', 1, 'admin', '2018-08-06 09:37:32'),
	(981, 56, '2018-08-06', 2, 2018, 1, '', 1, 'admin', '2018-08-06 09:37:32'),
	(982, 57, '2018-08-06', 2, 2018, 1, '', 1, 'admin', '2018-08-06 09:37:32'),
	(983, 58, '2018-08-06', 2, 2018, 1, '', 1, 'admin', '2018-08-06 09:37:32'),
	(984, 59, '2018-08-06', 2, 2018, 1, '', 1, 'admin', '2018-08-06 09:37:32'),
	(985, 60, '2018-08-06', 2, 2018, 1, '', 1, 'admin', '2018-08-06 09:37:32'),
	(986, 63, '2018-08-06', 2, 2018, 1, '', 1, 'admin', '2018-08-06 09:37:32'),
	(987, 67, '2018-08-06', 2, 2018, 1, '', 1, 'admin', '2018-08-06 09:37:32'),
	(988, 68, '2018-08-06', 2, 2018, 1, '', 1, 'admin', '2018-08-06 09:37:32'),
	(989, 69, '2018-08-06', 2, 2018, 1, '', 1, 'admin', '2018-08-06 09:37:32'),
	(990, 70, '2018-08-06', 2, 2018, 1, '', 1, 'admin', '2018-08-06 09:37:32'),
	(991, 1, '2018-08-06', 3, 2018, 1, '', 1, 'admin', '2018-08-06 09:37:32'),
	(992, 2, '2018-08-06', 3, 2018, 1, '', 1, 'admin', '2018-08-06 09:37:32'),
	(993, 4, '2018-08-06', 3, 2018, 1, '', 1, 'admin', '2018-08-06 09:37:32'),
	(994, 5, '2018-08-06', 3, 2018, 1, '', 1, 'admin', '2018-08-06 09:37:32'),
	(995, 8, '2018-08-06', 3, 2018, 1, '', 1, 'admin', '2018-08-06 09:37:32'),
	(996, 9, '2018-08-06', 3, 2018, 1, '', 1, 'admin', '2018-08-06 09:37:32'),
	(997, 10, '2018-08-06', 3, 2018, 1, '', 1, 'admin', '2018-08-06 09:37:32'),
	(998, 11, '2018-08-06', 3, 2018, 1, '', 1, 'admin', '2018-08-06 09:37:32'),
	(999, 16, '2018-08-06', 3, 2018, 1, '', 1, 'admin', '2018-08-06 09:37:32'),
	(1000, 17, '2018-08-06', 3, 2018, 1, '', 1, 'admin', '2018-08-06 09:37:32'),
	(1001, 18, '2018-08-06', 3, 2018, 1, '', 1, 'admin', '2018-08-06 09:37:32'),
	(1002, 19, '2018-08-06', 3, 2018, 1, '', 1, 'admin', '2018-08-06 09:37:32'),
	(1003, 20, '2018-08-06', 3, 2018, 1, '', 1, 'admin', '2018-08-06 09:37:32'),
	(1004, 21, '2018-08-06', 3, 2018, 1, '', 1, 'admin', '2018-08-06 09:37:32'),
	(1005, 22, '2018-08-06', 3, 2018, 1, '', 1, 'admin', '2018-08-06 09:37:32'),
	(1006, 23, '2018-08-06', 3, 2018, 1, '', 1, 'admin', '2018-08-06 09:37:32'),
	(1007, 24, '2018-08-06', 3, 2018, 1, '', 1, 'admin', '2018-08-06 09:37:32'),
	(1008, 26, '2018-08-06', 3, 2018, 1, '', 1, 'admin', '2018-08-06 09:37:32'),
	(1009, 28, '2018-08-06', 3, 2018, 1, '', 1, 'admin', '2018-08-06 09:37:32'),
	(1010, 29, '2018-08-06', 3, 2018, 1, '', 1, 'admin', '2018-08-06 09:37:32'),
	(1011, 30, '2018-08-06', 3, 2018, 1, '', 1, 'admin', '2018-08-06 09:37:32'),
	(1012, 31, '2018-08-06', 3, 2018, 1, '', 1, 'admin', '2018-08-06 09:37:32'),
	(1013, 32, '2018-08-06', 3, 2018, 1, '', 1, 'admin', '2018-08-06 09:37:32'),
	(1014, 33, '2018-08-06', 3, 2018, 1, '', 1, 'admin', '2018-08-06 09:37:32'),
	(1015, 35, '2018-08-06', 3, 2018, 1, '', 1, 'admin', '2018-08-06 09:37:32'),
	(1016, 36, '2018-08-06', 3, 2018, 1, '', 1, 'admin', '2018-08-06 09:37:32'),
	(1017, 37, '2018-08-06', 3, 2018, 1, '', 1, 'admin', '2018-08-06 09:37:32'),
	(1018, 38, '2018-08-06', 3, 2018, 1, '', 1, 'admin', '2018-08-06 09:37:32'),
	(1019, 39, '2018-08-06', 3, 2018, 1, '', 1, 'admin', '2018-08-06 09:37:32'),
	(1020, 40, '2018-08-06', 3, 2018, 1, '', 1, 'admin', '2018-08-06 09:37:32'),
	(1021, 41, '2018-08-06', 3, 2018, 1, '', 1, 'admin', '2018-08-06 09:37:32'),
	(1022, 42, '2018-08-06', 3, 2018, 1, '', 1, 'admin', '2018-08-06 09:37:32'),
	(1023, 44, '2018-08-06', 3, 2018, 1, '', 1, 'admin', '2018-08-06 09:37:32'),
	(1024, 46, '2018-08-06', 3, 2018, 1, '', 1, 'admin', '2018-08-06 09:37:32'),
	(1025, 47, '2018-08-06', 3, 2018, 1, '', 1, 'admin', '2018-08-06 09:37:32'),
	(1026, 49, '2018-08-06', 3, 2018, 1, '', 1, 'admin', '2018-08-06 09:37:32'),
	(1027, 50, '2018-08-06', 3, 2018, 1, '', 1, 'admin', '2018-08-06 09:37:32'),
	(1028, 51, '2018-08-06', 3, 2018, 1, '', 1, 'admin', '2018-08-06 09:37:32'),
	(1029, 52, '2018-08-06', 3, 2018, 1, '', 1, 'admin', '2018-08-06 09:37:32'),
	(1030, 53, '2018-08-06', 3, 2018, 1, '', 1, 'admin', '2018-08-06 09:37:32'),
	(1031, 54, '2018-08-06', 3, 2018, 1, '', 1, 'admin', '2018-08-06 09:37:32'),
	(1032, 56, '2018-08-06', 3, 2018, 1, '', 1, 'admin', '2018-08-06 09:37:32'),
	(1033, 57, '2018-08-06', 3, 2018, 1, '', 1, 'admin', '2018-08-06 09:37:32'),
	(1034, 58, '2018-08-06', 3, 2018, 1, '', 1, 'admin', '2018-08-06 09:37:32'),
	(1035, 59, '2018-08-06', 3, 2018, 1, '', 1, 'admin', '2018-08-06 09:37:32'),
	(1036, 60, '2018-08-06', 3, 2018, 1, '', 1, 'admin', '2018-08-06 09:37:32'),
	(1037, 63, '2018-08-06', 3, 2018, 1, '', 1, 'admin', '2018-08-06 09:37:32'),
	(1038, 67, '2018-08-06', 3, 2018, 1, '', 1, 'admin', '2018-08-06 09:37:32'),
	(1039, 68, '2018-08-06', 3, 2018, 1, '', 1, 'admin', '2018-08-06 09:37:32'),
	(1040, 69, '2018-08-06', 3, 2018, 1, '', 1, 'admin', '2018-08-06 09:37:32'),
	(1041, 70, '2018-08-06', 3, 2018, 1, '', 1, 'admin', '2018-08-06 09:37:32'),
	(1042, 1, '2018-08-06', 4, 2018, 1, '', 1, 'admin', '2018-08-06 09:37:32'),
	(1043, 2, '2018-08-06', 4, 2018, 1, '', 1, 'admin', '2018-08-06 09:37:32'),
	(1044, 4, '2018-08-06', 4, 2018, 1, '', 1, 'admin', '2018-08-06 09:37:32'),
	(1045, 5, '2018-08-06', 4, 2018, 1, '', 1, 'admin', '2018-08-06 09:37:32'),
	(1046, 7, '2018-08-06', 4, 2018, 1, '', 1, 'admin', '2018-08-06 09:37:32'),
	(1047, 8, '2018-08-06', 4, 2018, 1, '', 1, 'admin', '2018-08-06 09:37:32'),
	(1048, 9, '2018-08-06', 4, 2018, 1, '', 1, 'admin', '2018-08-06 09:37:32'),
	(1049, 10, '2018-08-06', 4, 2018, 1, '', 1, 'admin', '2018-08-06 09:37:32'),
	(1050, 11, '2018-08-06', 4, 2018, 1, '', 1, 'admin', '2018-08-06 09:37:32'),
	(1051, 16, '2018-08-06', 4, 2018, 1, '', 1, 'admin', '2018-08-06 09:37:32'),
	(1052, 17, '2018-08-06', 4, 2018, 1, '', 1, 'admin', '2018-08-06 09:37:32'),
	(1053, 18, '2018-08-06', 4, 2018, 1, '', 1, 'admin', '2018-08-06 09:37:32'),
	(1054, 19, '2018-08-06', 4, 2018, 1, '', 1, 'admin', '2018-08-06 09:37:32'),
	(1055, 20, '2018-08-06', 4, 2018, 1, '', 1, 'admin', '2018-08-06 09:37:32'),
	(1056, 21, '2018-08-06', 4, 2018, 1, '', 1, 'admin', '2018-08-06 09:37:32'),
	(1057, 22, '2018-08-06', 4, 2018, 1, '', 1, 'admin', '2018-08-06 09:37:32'),
	(1058, 23, '2018-08-06', 4, 2018, 1, '', 1, 'admin', '2018-08-06 09:37:32'),
	(1059, 24, '2018-08-06', 4, 2018, 1, '', 1, 'admin', '2018-08-06 09:37:32'),
	(1060, 26, '2018-08-06', 4, 2018, 1, '', 1, 'admin', '2018-08-06 09:37:32'),
	(1061, 28, '2018-08-06', 4, 2018, 1, '', 1, 'admin', '2018-08-06 09:37:32'),
	(1062, 29, '2018-08-06', 4, 2018, 1, '', 1, 'admin', '2018-08-06 09:37:32'),
	(1063, 30, '2018-08-06', 4, 2018, 1, '', 1, 'admin', '2018-08-06 09:37:32'),
	(1064, 31, '2018-08-06', 4, 2018, 1, '', 1, 'admin', '2018-08-06 09:37:32'),
	(1065, 32, '2018-08-06', 4, 2018, 1, '', 1, 'admin', '2018-08-06 09:37:32'),
	(1066, 33, '2018-08-06', 4, 2018, 1, '', 1, 'admin', '2018-08-06 09:37:32'),
	(1067, 35, '2018-08-06', 4, 2018, 1, '', 1, 'admin', '2018-08-06 09:37:32'),
	(1068, 36, '2018-08-06', 4, 2018, 1, '', 1, 'admin', '2018-08-06 09:37:32'),
	(1069, 37, '2018-08-06', 4, 2018, 1, '', 1, 'admin', '2018-08-06 09:37:32'),
	(1070, 38, '2018-08-06', 4, 2018, 1, '', 1, 'admin', '2018-08-06 09:37:32'),
	(1071, 39, '2018-08-06', 4, 2018, 1, '', 1, 'admin', '2018-08-06 09:37:32'),
	(1072, 40, '2018-08-06', 4, 2018, 1, '', 1, 'admin', '2018-08-06 09:37:32'),
	(1073, 41, '2018-08-06', 4, 2018, 1, '', 1, 'admin', '2018-08-06 09:37:32'),
	(1074, 42, '2018-08-06', 4, 2018, 1, '', 1, 'admin', '2018-08-06 09:37:32'),
	(1075, 44, '2018-08-06', 4, 2018, 1, '', 1, 'admin', '2018-08-06 09:37:32'),
	(1076, 46, '2018-08-06', 4, 2018, 1, '', 1, 'admin', '2018-08-06 09:37:32'),
	(1077, 47, '2018-08-06', 4, 2018, 1, '', 1, 'admin', '2018-08-06 09:37:32'),
	(1078, 49, '2018-08-06', 4, 2018, 1, '', 1, 'admin', '2018-08-06 09:37:32'),
	(1079, 50, '2018-08-06', 4, 2018, 1, '', 1, 'admin', '2018-08-06 09:37:32'),
	(1080, 51, '2018-08-06', 4, 2018, 1, '', 1, 'admin', '2018-08-06 09:37:32'),
	(1081, 52, '2018-08-06', 4, 2018, 1, '', 1, 'admin', '2018-08-06 09:37:32'),
	(1082, 53, '2018-08-06', 4, 2018, 1, '', 1, 'admin', '2018-08-06 09:37:32'),
	(1083, 54, '2018-08-06', 4, 2018, 1, '', 1, 'admin', '2018-08-06 09:37:32'),
	(1084, 56, '2018-08-06', 4, 2018, 1, '', 1, 'admin', '2018-08-06 09:37:32'),
	(1085, 57, '2018-08-06', 4, 2018, 1, '', 1, 'admin', '2018-08-06 09:37:32'),
	(1086, 58, '2018-08-06', 4, 2018, 1, '', 1, 'admin', '2018-08-06 09:37:32'),
	(1087, 59, '2018-08-06', 4, 2018, 1, '', 1, 'admin', '2018-08-06 09:37:32'),
	(1088, 60, '2018-08-06', 4, 2018, 1, '', 1, 'admin', '2018-08-06 09:37:32'),
	(1089, 63, '2018-08-06', 4, 2018, 1, '', 1, 'admin', '2018-08-06 09:37:32'),
	(1090, 67, '2018-08-06', 4, 2018, 1, '', 1, 'admin', '2018-08-06 09:37:32'),
	(1091, 68, '2018-08-06', 4, 2018, 1, '', 1, 'admin', '2018-08-06 09:37:32'),
	(1092, 69, '2018-08-06', 4, 2018, 1, '', 1, 'admin', '2018-08-06 09:37:32'),
	(1093, 70, '2018-08-06', 4, 2018, 1, '', 1, 'admin', '2018-08-06 09:37:32'),
	(1094, 1, '2018-08-06', 5, 2018, 1, '', 1, 'admin', '2018-08-06 09:37:32'),
	(1095, 2, '2018-08-06', 5, 2018, 1, '', 1, 'admin', '2018-08-06 09:37:32'),
	(1096, 4, '2018-08-06', 5, 2018, 1, '', 1, 'admin', '2018-08-06 09:37:32'),
	(1097, 5, '2018-08-06', 5, 2018, 1, '', 1, 'admin', '2018-08-06 09:37:32'),
	(1098, 7, '2018-08-06', 5, 2018, 1, '', 1, 'admin', '2018-08-06 09:37:32'),
	(1099, 8, '2018-08-06', 5, 2018, 1, '', 1, 'admin', '2018-08-06 09:37:32'),
	(1100, 9, '2018-08-06', 5, 2018, 1, '', 1, 'admin', '2018-08-06 09:37:32'),
	(1101, 10, '2018-08-06', 5, 2018, 1, '', 1, 'admin', '2018-08-06 09:37:32'),
	(1102, 11, '2018-08-06', 5, 2018, 1, '', 1, 'admin', '2018-08-06 09:37:32'),
	(1103, 16, '2018-08-06', 5, 2018, 1, '', 1, 'admin', '2018-08-06 09:37:32'),
	(1104, 17, '2018-08-06', 5, 2018, 1, '', 1, 'admin', '2018-08-06 09:37:32'),
	(1105, 18, '2018-08-06', 5, 2018, 1, '', 1, 'admin', '2018-08-06 09:37:32'),
	(1106, 19, '2018-08-06', 5, 2018, 1, '', 1, 'admin', '2018-08-06 09:37:32'),
	(1107, 20, '2018-08-06', 5, 2018, 1, '', 1, 'admin', '2018-08-06 09:37:32'),
	(1108, 21, '2018-08-06', 5, 2018, 1, '', 1, 'admin', '2018-08-06 09:37:32'),
	(1109, 22, '2018-08-06', 5, 2018, 1, '', 1, 'admin', '2018-08-06 09:37:32'),
	(1110, 23, '2018-08-06', 5, 2018, 1, '', 1, 'admin', '2018-08-06 09:37:32'),
	(1111, 24, '2018-08-06', 5, 2018, 1, '', 1, 'admin', '2018-08-06 09:37:32'),
	(1112, 26, '2018-08-06', 5, 2018, 1, '', 1, 'admin', '2018-08-06 09:37:32'),
	(1113, 28, '2018-08-06', 5, 2018, 1, '', 1, 'admin', '2018-08-06 09:37:32'),
	(1114, 29, '2018-08-06', 5, 2018, 1, '', 1, 'admin', '2018-08-06 09:37:32'),
	(1115, 30, '2018-08-06', 5, 2018, 1, '', 1, 'admin', '2018-08-06 09:37:32'),
	(1116, 31, '2018-08-06', 5, 2018, 1, '', 1, 'admin', '2018-08-06 09:37:32'),
	(1117, 32, '2018-08-06', 5, 2018, 1, '', 1, 'admin', '2018-08-06 09:37:32'),
	(1118, 33, '2018-08-06', 5, 2018, 1, '', 1, 'admin', '2018-08-06 09:37:32'),
	(1119, 35, '2018-08-06', 5, 2018, 1, '', 1, 'admin', '2018-08-06 09:37:32'),
	(1120, 36, '2018-08-06', 5, 2018, 1, '', 1, 'admin', '2018-08-06 09:37:32'),
	(1121, 37, '2018-08-06', 5, 2018, 1, '', 1, 'admin', '2018-08-06 09:37:32'),
	(1122, 38, '2018-08-06', 5, 2018, 1, '', 1, 'admin', '2018-08-06 09:37:32'),
	(1123, 39, '2018-08-06', 5, 2018, 1, '', 1, 'admin', '2018-08-06 09:37:32'),
	(1124, 40, '2018-08-06', 5, 2018, 1, '', 1, 'admin', '2018-08-06 09:37:32'),
	(1125, 41, '2018-08-06', 5, 2018, 1, '', 1, 'admin', '2018-08-06 09:37:32'),
	(1126, 42, '2018-08-06', 5, 2018, 1, '', 1, 'admin', '2018-08-06 09:37:32'),
	(1127, 44, '2018-08-06', 5, 2018, 1, '', 1, 'admin', '2018-08-06 09:37:32'),
	(1128, 46, '2018-08-06', 5, 2018, 1, '', 1, 'admin', '2018-08-06 09:37:32'),
	(1129, 47, '2018-08-06', 5, 2018, 1, '', 1, 'admin', '2018-08-06 09:37:32'),
	(1130, 49, '2018-08-06', 5, 2018, 1, '', 1, 'admin', '2018-08-06 09:37:32'),
	(1131, 50, '2018-08-06', 5, 2018, 1, '', 1, 'admin', '2018-08-06 09:37:32'),
	(1132, 51, '2018-08-06', 5, 2018, 1, '', 1, 'admin', '2018-08-06 09:37:32'),
	(1133, 52, '2018-08-06', 5, 2018, 1, '', 1, 'admin', '2018-08-06 09:37:32'),
	(1134, 53, '2018-08-06', 5, 2018, 1, '', 1, 'admin', '2018-08-06 09:37:32'),
	(1135, 54, '2018-08-06', 5, 2018, 1, '', 1, 'admin', '2018-08-06 09:37:32'),
	(1136, 56, '2018-08-06', 5, 2018, 1, '', 1, 'admin', '2018-08-06 09:37:32'),
	(1137, 57, '2018-08-06', 5, 2018, 1, '', 1, 'admin', '2018-08-06 09:37:32'),
	(1138, 58, '2018-08-06', 5, 2018, 1, '', 1, 'admin', '2018-08-06 09:37:32'),
	(1139, 59, '2018-08-06', 5, 2018, 1, '', 1, 'admin', '2018-08-06 09:37:32'),
	(1140, 60, '2018-08-06', 5, 2018, 1, '', 1, 'admin', '2018-08-06 09:37:32'),
	(1141, 61, '2018-08-06', 5, 2018, 1, '', 1, 'admin', '2018-08-06 09:37:32'),
	(1142, 63, '2018-08-06', 5, 2018, 1, '', 1, 'admin', '2018-08-06 09:37:32'),
	(1143, 67, '2018-08-06', 5, 2018, 1, '', 1, 'admin', '2018-08-06 09:37:32'),
	(1144, 68, '2018-08-06', 5, 2018, 1, '', 1, 'admin', '2018-08-06 09:37:32'),
	(1145, 69, '2018-08-06', 5, 2018, 1, '', 1, 'admin', '2018-08-06 09:37:32'),
	(1146, 70, '2018-08-06', 5, 2018, 1, '', 1, 'admin', '2018-08-06 09:37:32'),
	(1147, 1, '2018-08-06', 6, 2018, 1, '', 1, 'admin', '2018-08-06 09:37:32'),
	(1148, 2, '2018-08-06', 6, 2018, 1, '', 1, 'admin', '2018-08-06 09:37:32'),
	(1149, 3, '2018-08-06', 6, 2018, 1, '', 1, 'admin', '2018-08-06 09:37:32'),
	(1150, 4, '2018-08-06', 6, 2018, 1, '', 1, 'admin', '2018-08-06 09:37:32'),
	(1152, 7, '2018-08-06', 6, 2018, 1, '', 1, 'admin', '2018-08-06 09:37:32'),
	(1153, 8, '2018-08-06', 6, 2018, 1, '', 1, 'admin', '2018-08-06 09:37:32'),
	(1154, 9, '2018-08-06', 6, 2018, 1, '', 1, 'admin', '2018-08-06 09:37:32'),
	(1155, 10, '2018-08-06', 6, 2018, 1, '', 1, 'admin', '2018-08-06 09:37:32'),
	(1156, 11, '2018-08-06', 6, 2018, 1, '', 1, 'admin', '2018-08-06 09:37:32'),
	(1157, 16, '2018-08-06', 6, 2018, 1, '', 1, 'admin', '2018-08-06 09:37:32'),
	(1158, 17, '2018-08-06', 6, 2018, 1, '', 1, 'admin', '2018-08-06 09:37:32'),
	(1159, 19, '2018-08-06', 6, 2018, 1, '', 1, 'admin', '2018-08-06 09:37:32'),
	(1160, 20, '2018-08-06', 6, 2018, 1, '', 1, 'admin', '2018-08-06 09:37:32'),
	(1161, 21, '2018-08-06', 6, 2018, 1, '', 1, 'admin', '2018-08-06 09:37:32'),
	(1162, 22, '2018-08-06', 6, 2018, 1, '', 1, 'admin', '2018-08-06 09:37:32'),
	(1163, 23, '2018-08-06', 6, 2018, 1, '', 1, 'admin', '2018-08-06 09:37:32'),
	(1164, 24, '2018-08-06', 6, 2018, 1, '', 1, 'admin', '2018-08-06 09:37:32'),
	(1165, 26, '2018-08-06', 6, 2018, 1, '', 1, 'admin', '2018-08-06 09:37:32'),
	(1166, 29, '2018-08-06', 6, 2018, 1, '', 1, 'admin', '2018-08-06 09:37:32'),
	(1167, 30, '2018-08-06', 6, 2018, 1, '', 1, 'admin', '2018-08-06 09:37:32'),
	(1168, 31, '2018-08-06', 6, 2018, 1, '', 1, 'admin', '2018-08-06 09:37:32'),
	(1169, 32, '2018-08-06', 6, 2018, 1, '', 1, 'admin', '2018-08-06 09:37:32'),
	(1170, 33, '2018-08-06', 6, 2018, 1, '', 1, 'admin', '2018-08-06 09:37:32'),
	(1171, 35, '2018-08-06', 6, 2018, 1, '', 1, 'admin', '2018-08-06 09:37:32'),
	(1172, 37, '2018-08-06', 6, 2018, 1, '', 1, 'admin', '2018-08-06 09:37:32'),
	(1173, 38, '2018-08-06', 6, 2018, 1, '', 1, 'admin', '2018-08-06 09:37:32'),
	(1174, 39, '2018-08-06', 6, 2018, 1, '', 1, 'admin', '2018-08-06 09:37:32'),
	(1175, 40, '2018-08-06', 6, 2018, 1, '', 1, 'admin', '2018-08-06 09:37:32'),
	(1176, 41, '2018-08-06', 6, 2018, 1, '', 1, 'admin', '2018-08-06 09:37:32'),
	(1177, 44, '2018-08-06', 6, 2018, 1, '', 1, 'admin', '2018-08-06 09:37:32'),
	(1178, 45, '2018-08-06', 6, 2018, 1, '', 1, 'admin', '2018-08-06 09:37:32'),
	(1179, 46, '2018-08-06', 6, 2018, 1, '', 1, 'admin', '2018-08-06 09:37:32'),
	(1180, 47, '2018-08-06', 6, 2018, 1, '', 1, 'admin', '2018-08-06 09:37:32'),
	(1181, 49, '2018-08-06', 6, 2018, 1, '', 1, 'admin', '2018-08-06 09:37:32'),
	(1182, 50, '2018-08-06', 6, 2018, 1, '', 1, 'admin', '2018-08-06 09:37:32'),
	(1183, 51, '2018-08-06', 6, 2018, 1, '', 1, 'admin', '2018-08-06 09:37:32'),
	(1184, 52, '2018-08-06', 6, 2018, 1, '', 1, 'admin', '2018-08-06 09:37:32'),
	(1185, 53, '2018-08-06', 6, 2018, 1, '', 1, 'admin', '2018-08-06 09:37:32'),
	(1186, 54, '2018-08-06', 6, 2018, 1, '', 1, 'admin', '2018-08-06 09:37:32'),
	(1187, 56, '2018-08-06', 6, 2018, 1, '', 1, 'admin', '2018-08-06 09:37:32'),
	(1188, 57, '2018-08-06', 6, 2018, 1, '', 1, 'admin', '2018-08-06 09:37:32'),
	(1189, 58, '2018-08-06', 6, 2018, 1, '', 1, 'admin', '2018-08-06 09:37:32'),
	(1190, 59, '2018-08-06', 6, 2018, 1, '', 1, 'admin', '2018-08-06 09:37:32'),
	(1191, 60, '2018-08-06', 6, 2018, 1, '', 1, 'admin', '2018-08-06 09:37:32'),
	(1192, 62, '2018-08-06', 6, 2018, 1, '', 1, 'admin', '2018-08-06 09:37:32'),
	(1193, 63, '2018-08-06', 6, 2018, 1, '', 1, 'admin', '2018-08-06 09:37:32'),
	(1194, 65, '2018-08-06', 6, 2018, 1, '', 1, 'admin', '2018-08-06 09:37:32'),
	(1195, 67, '2018-08-06', 6, 2018, 1, '', 1, 'admin', '2018-08-06 09:37:32'),
	(1196, 68, '2018-08-06', 6, 2018, 1, '', 1, 'admin', '2018-08-06 09:37:32'),
	(1197, 69, '2018-08-06', 6, 2018, 1, '', 1, 'admin', '2018-08-06 09:37:32'),
	(1198, 1, '2018-08-06', 7, 2018, 1, '', 1, 'admin', '2018-08-06 09:37:32'),
	(1199, 2, '2018-08-06', 7, 2018, 1, '', 1, 'admin', '2018-08-06 09:37:32'),
	(1200, 3, '2018-08-06', 7, 2018, 1, '', 1, 'admin', '2018-08-06 09:37:32'),
	(1201, 4, '2018-08-06', 7, 2018, 1, '', 1, 'admin', '2018-08-06 09:37:32'),
	(1203, 7, '2018-08-06', 7, 2018, 1, '', 1, 'admin', '2018-08-06 09:37:32'),
	(1204, 8, '2018-08-06', 7, 2018, 1, '', 1, 'admin', '2018-08-06 09:37:32'),
	(1205, 9, '2018-08-06', 7, 2018, 1, '', 1, 'admin', '2018-08-06 09:37:32'),
	(1206, 10, '2018-08-06', 7, 2018, 1, '', 1, 'admin', '2018-08-06 09:37:32'),
	(1207, 11, '2018-08-06', 7, 2018, 1, '', 1, 'admin', '2018-08-06 09:37:32'),
	(1208, 16, '2018-08-06', 7, 2018, 1, '', 1, 'admin', '2018-08-06 09:37:32'),
	(1209, 17, '2018-08-06', 7, 2018, 1, '', 1, 'admin', '2018-08-06 09:37:32'),
	(1210, 19, '2018-08-06', 7, 2018, 1, '', 1, 'admin', '2018-08-06 09:37:32'),
	(1211, 20, '2018-08-06', 7, 2018, 1, '', 1, 'admin', '2018-08-06 09:37:32'),
	(1212, 21, '2018-08-06', 7, 2018, 1, '', 1, 'admin', '2018-08-06 09:37:32'),
	(1213, 22, '2018-08-06', 7, 2018, 1, '', 1, 'admin', '2018-08-06 09:37:32'),
	(1214, 23, '2018-08-06', 7, 2018, 1, '', 1, 'admin', '2018-08-06 09:37:32'),
	(1215, 24, '2018-08-06', 7, 2018, 1, '', 1, 'admin', '2018-08-06 09:37:32'),
	(1216, 26, '2018-08-06', 7, 2018, 1, '', 1, 'admin', '2018-08-06 09:37:32'),
	(1217, 29, '2018-08-06', 7, 2018, 1, '', 1, 'admin', '2018-08-06 09:37:32'),
	(1218, 30, '2018-08-06', 7, 2018, 1, '', 1, 'admin', '2018-08-06 09:37:32'),
	(1219, 31, '2018-08-06', 7, 2018, 1, '', 1, 'admin', '2018-08-06 09:37:32'),
	(1220, 33, '2018-08-06', 7, 2018, 1, '', 1, 'admin', '2018-08-06 09:37:32'),
	(1221, 35, '2018-08-06', 7, 2018, 1, '', 1, 'admin', '2018-08-06 09:37:32'),
	(1222, 38, '2018-08-06', 7, 2018, 1, '', 1, 'admin', '2018-08-06 09:37:32'),
	(1223, 39, '2018-08-06', 7, 2018, 1, '', 1, 'admin', '2018-08-06 09:37:32'),
	(1224, 40, '2018-08-06', 7, 2018, 1, '', 1, 'admin', '2018-08-06 09:37:32'),
	(1225, 41, '2018-08-06', 7, 2018, 1, '', 1, 'admin', '2018-08-06 09:37:32'),
	(1226, 44, '2018-08-06', 7, 2018, 1, '', 1, 'admin', '2018-08-06 09:37:32'),
	(1227, 45, '2018-08-06', 7, 2018, 1, '', 1, 'admin', '2018-08-06 09:37:32'),
	(1228, 46, '2018-08-06', 7, 2018, 1, '', 1, 'admin', '2018-08-06 09:37:32'),
	(1229, 47, '2018-08-06', 7, 2018, 1, '', 1, 'admin', '2018-08-06 09:37:32'),
	(1230, 49, '2018-08-06', 7, 2018, 1, '', 1, 'admin', '2018-08-06 09:37:32'),
	(1231, 50, '2018-08-06', 7, 2018, 1, '', 1, 'admin', '2018-08-06 09:37:32'),
	(1232, 51, '2018-08-06', 7, 2018, 1, '', 1, 'admin', '2018-08-06 09:37:32'),
	(1233, 52, '2018-08-06', 7, 2018, 1, '', 1, 'admin', '2018-08-06 09:37:32'),
	(1234, 53, '2018-08-06', 7, 2018, 1, '', 1, 'admin', '2018-08-06 09:37:32'),
	(1235, 54, '2018-08-06', 7, 2018, 1, '', 1, 'admin', '2018-08-06 09:37:32'),
	(1236, 56, '2018-08-06', 7, 2018, 1, '', 1, 'admin', '2018-08-06 09:37:32'),
	(1237, 57, '2018-08-06', 7, 2018, 1, '', 1, 'admin', '2018-08-06 09:37:32'),
	(1238, 58, '2018-08-06', 7, 2018, 1, '', 1, 'admin', '2018-08-06 09:37:32'),
	(1239, 59, '2018-08-06', 7, 2018, 1, '', 1, 'admin', '2018-08-06 09:37:32'),
	(1240, 60, '2018-08-06', 7, 2018, 1, '', 1, 'admin', '2018-08-06 09:37:32'),
	(1241, 62, '2018-08-06', 7, 2018, 1, '', 1, 'admin', '2018-08-06 09:37:32'),
	(1242, 63, '2018-08-06', 7, 2018, 1, '', 1, 'admin', '2018-08-06 09:37:32'),
	(1243, 65, '2018-08-06', 7, 2018, 1, '', 1, 'admin', '2018-08-06 09:37:32'),
	(1244, 67, '2018-08-06', 7, 2018, 1, '', 1, 'admin', '2018-08-06 09:37:32'),
	(1245, 68, '2018-08-06', 7, 2018, 1, '', 1, 'admin', '2018-08-06 09:37:32'),
	(1246, 69, '2018-08-06', 7, 2018, 1, '', 1, 'admin', '2018-08-06 09:37:32'),
	(1247, 1, '2018-08-06', 8, 2018, 1, '', 1, 'admin', '2018-08-06 09:37:32'),
	(1248, 2, '2018-08-06', 8, 2018, 1, '', 1, 'admin', '2018-08-06 09:37:32'),
	(1249, 3, '2018-08-06', 8, 2018, 1, '', 1, 'admin', '2018-08-06 09:37:32'),
	(1250, 4, '2018-08-06', 8, 2018, 1, '', 1, 'admin', '2018-08-06 09:37:32'),
	(1252, 8, '2018-08-06', 8, 2018, 1, '', 1, 'admin', '2018-08-06 09:37:32'),
	(1253, 9, '2018-08-06', 8, 2018, 1, '', 1, 'admin', '2018-08-06 09:37:32'),
	(1254, 16, '2018-08-06', 8, 2018, 1, '', 1, 'admin', '2018-08-06 09:37:32'),
	(1255, 17, '2018-08-06', 8, 2018, 1, '', 1, 'admin', '2018-08-06 09:37:32'),
	(1256, 19, '2018-08-06', 8, 2018, 1, '', 1, 'admin', '2018-08-06 09:37:32'),
	(1257, 20, '2018-08-06', 8, 2018, 1, '', 1, 'admin', '2018-08-06 09:37:32'),
	(1258, 23, '2018-08-06', 8, 2018, 1, '', 1, 'admin', '2018-08-06 09:37:32'),
	(1259, 26, '2018-08-06', 8, 2018, 1, '', 1, 'admin', '2018-08-06 09:37:32'),
	(1260, 29, '2018-08-06', 8, 2018, 1, '', 1, 'admin', '2018-08-06 09:37:32'),
	(1261, 33, '2018-08-06', 8, 2018, 1, '', 1, 'admin', '2018-08-06 09:37:32'),
	(1262, 39, '2018-08-06', 8, 2018, 1, '', 1, 'admin', '2018-08-06 09:37:32'),
	(1263, 41, '2018-08-06', 8, 2018, 1, '', 1, 'admin', '2018-08-06 09:37:32'),
	(1264, 44, '2018-08-06', 8, 2018, 1, '', 1, 'admin', '2018-08-06 09:37:32'),
	(1265, 45, '2018-08-06', 8, 2018, 1, '', 1, 'admin', '2018-08-06 09:37:32'),
	(1266, 47, '2018-08-06', 8, 2018, 1, '', 1, 'admin', '2018-08-06 09:37:32'),
	(1267, 49, '2018-08-06', 8, 2018, 1, '', 1, 'admin', '2018-08-06 09:37:32'),
	(1268, 50, '2018-08-06', 8, 2018, 1, '', 1, 'admin', '2018-08-06 09:37:32'),
	(1269, 51, '2018-08-06', 8, 2018, 1, '', 1, 'admin', '2018-08-06 09:37:32'),
	(1270, 52, '2018-08-06', 8, 2018, 1, '', 1, 'admin', '2018-08-06 09:37:32'),
	(1271, 53, '2018-08-06', 8, 2018, 1, '', 1, 'admin', '2018-08-06 09:37:32'),
	(1272, 54, '2018-08-06', 8, 2018, 1, '', 1, 'admin', '2018-08-06 09:37:32'),
	(1273, 56, '2018-08-06', 8, 2018, 1, '', 1, 'admin', '2018-08-06 09:37:32'),
	(1274, 57, '2018-08-06', 8, 2018, 1, '', 1, 'admin', '2018-08-06 09:37:32'),
	(1275, 58, '2018-08-06', 8, 2018, 1, '', 1, 'admin', '2018-08-06 09:37:32'),
	(1276, 59, '2018-08-06', 8, 2018, 1, '', 1, 'admin', '2018-08-06 09:37:32'),
	(1277, 62, '2018-08-06', 8, 2018, 1, '', 1, 'admin', '2018-08-06 09:37:32'),
	(1278, 63, '2018-08-06', 8, 2018, 1, '', 1, 'admin', '2018-08-06 09:37:32'),
	(1279, 68, '2018-08-06', 8, 2018, 1, '', 1, 'admin', '2018-08-06 09:37:32'),
	(1280, 69, '2018-08-06', 8, 2018, 1, '', 1, 'admin', '2018-08-06 09:37:32'),
	(1281, 2, '2018-08-06', 9, 2018, 1, '', 1, 'admin', '2018-08-06 09:37:32'),
	(1283, 16, '2018-08-06', 9, 2018, 1, '', 1, 'admin', '2018-08-06 09:37:32'),
	(1284, 17, '2018-08-06', 9, 2018, 1, '', 1, 'admin', '2018-08-06 09:37:32'),
	(1285, 20, '2018-08-06', 9, 2018, 1, '', 1, 'admin', '2018-08-06 09:37:32'),
	(1286, 23, '2018-08-06', 9, 2018, 1, '', 1, 'admin', '2018-08-06 09:37:32'),
	(1287, 26, '2018-08-06', 9, 2018, 1, '', 1, 'admin', '2018-08-06 09:37:32'),
	(1288, 29, '2018-08-06', 9, 2018, 1, '', 1, 'admin', '2018-08-06 09:37:32'),
	(1289, 33, '2018-08-06', 9, 2018, 1, '', 1, 'admin', '2018-08-06 09:37:32'),
	(1290, 39, '2018-08-06', 9, 2018, 1, '', 1, 'admin', '2018-08-06 09:37:32'),
	(1291, 41, '2018-08-06', 9, 2018, 1, '', 1, 'admin', '2018-08-06 09:37:32'),
	(1292, 44, '2018-08-06', 9, 2018, 1, '', 1, 'admin', '2018-08-06 09:37:32'),
	(1293, 45, '2018-08-06', 9, 2018, 1, '', 1, 'admin', '2018-08-06 09:37:32'),
	(1294, 47, '2018-08-06', 9, 2018, 1, '', 1, 'admin', '2018-08-06 09:37:32'),
	(1295, 49, '2018-08-06', 9, 2018, 1, '', 1, 'admin', '2018-08-06 09:37:32'),
	(1296, 51, '2018-08-06', 9, 2018, 1, '', 1, 'admin', '2018-08-06 09:37:32'),
	(1297, 56, '2018-08-06', 9, 2018, 1, '', 1, 'admin', '2018-08-06 09:37:32'),
	(1298, 57, '2018-08-06', 9, 2018, 1, '', 1, 'admin', '2018-08-06 09:37:32'),
	(1299, 59, '2018-08-06', 9, 2018, 1, '', 1, 'admin', '2018-08-06 09:37:32'),
	(1300, 2, '2018-08-06', 11, 2018, 1, '', 1, 'admin', '2018-08-06 09:37:32'),
	(1302, 23, '2018-08-06', 11, 2018, 1, '', 1, 'admin', '2018-08-06 09:37:32'),
	(1303, 29, '2018-08-06', 11, 2018, 1, '', 1, 'admin', '2018-08-06 09:37:32'),
	(1304, 33, '2018-08-06', 11, 2018, 1, '', 1, 'admin', '2018-08-06 09:37:32'),
	(1305, 39, '2018-08-06', 11, 2018, 1, '', 1, 'admin', '2018-08-06 09:37:32'),
	(1306, 47, '2018-08-06', 11, 2018, 1, '', 1, 'admin', '2018-08-06 09:37:32'),
	(1307, 49, '2018-08-06', 11, 2018, 1, '', 1, 'admin', '2018-08-06 09:37:32'),
	(1308, 56, '2018-08-06', 11, 2018, 1, '', 1, 'admin', '2018-08-06 09:37:32'),
	(1309, 57, '2018-08-06', 11, 2018, 1, '', 1, 'admin', '2018-08-06 09:37:32'),
	(1310, 59, '2018-08-06', 11, 2018, 1, '', 1, 'admin', '2018-08-06 09:37:32'),
	(1311, 2, '2018-08-06', 12, 2018, 1, '', 1, 'admin', '2018-08-06 09:37:32'),
	(1313, 23, '2018-08-06', 12, 2018, 1, '', 1, 'admin', '2018-08-06 09:37:32'),
	(1314, 29, '2018-08-06', 12, 2018, 1, '', 1, 'admin', '2018-08-06 09:37:32'),
	(1315, 33, '2018-08-06', 12, 2018, 1, '', 1, 'admin', '2018-08-06 09:37:32'),
	(1316, 39, '2018-08-06', 12, 2018, 1, '', 1, 'admin', '2018-08-06 09:37:32'),
	(1317, 47, '2018-08-06', 12, 2018, 1, '', 1, 'admin', '2018-08-06 09:37:32'),
	(1318, 56, '2018-08-06', 12, 2018, 1, '', 1, 'admin', '2018-08-06 09:37:32'),
	(1319, 57, '2018-08-06', 12, 2018, 1, '', 1, 'admin', '2018-08-06 09:37:32'),
	(1320, 59, '2018-08-06', 12, 2018, 1, '', 1, 'admin', '2018-08-06 09:37:32'),
	(1321, 23, '2018-08-06', 10, 2018, 1, '', 1, 'admin', '2018-08-06 10:01:23'),
	(1322, 20, '2018-08-06', 10, 2018, 1, '', 1, 'admin', '2018-08-06 10:01:23'),
	(1323, 17, '2018-08-06', 10, 2018, 1, '', 1, 'admin', '2018-08-06 10:01:23'),
	(1324, 44, '2018-08-06', 10, 2018, 1, '', 1, 'admin', '2018-08-06 10:01:23'),
	(1325, 59, '2018-08-06', 10, 2018, 1, '', 1, 'admin', '2018-08-06 10:01:23'),
	(1326, 57, '2018-08-06', 10, 2018, 1, '', 1, 'admin', '2018-08-06 10:01:23'),
	(1327, 2, '2018-08-06', 10, 2018, 1, '', 1, 'admin', '2018-08-06 10:01:23'),
	(1329, 56, '2018-08-06', 10, 2018, 1, '', 1, 'admin', '2018-08-06 10:01:23'),
	(1330, 16, '2018-08-06', 10, 2018, 1, '', 1, 'admin', '2018-08-06 10:01:23'),
	(1331, 45, '2018-08-06', 10, 2018, 1, '', 1, 'admin', '2018-08-06 10:01:23'),
	(1332, 49, '2018-08-06', 10, 2018, 1, '', 1, 'admin', '2018-08-06 10:01:23'),
	(1333, 47, '2018-08-06', 10, 2018, 1, '', 1, 'admin', '2018-08-06 10:01:23'),
	(1334, 41, '2018-08-06', 10, 2018, 1, '', 1, 'admin', '2018-08-06 10:01:23'),
	(1335, 51, '2018-08-06', 10, 2018, 1, '', 1, 'admin', '2018-08-06 10:01:23'),
	(1336, 39, '2018-08-06', 10, 2018, 1, '', 1, 'admin', '2018-08-06 10:01:23'),
	(1337, 29, '2018-08-06', 10, 2018, 1, '', 1, 'admin', '2018-08-06 10:01:23'),
	(1338, 26, '2018-08-06', 10, 2018, 1, '', 1, 'admin', '2018-08-06 10:01:23'),
	(1339, 33, '2018-08-06', 10, 2018, 1, '', 1, 'admin', '2018-08-06 10:01:23'),
	(1341, 25, '2018-08-06', 1, 2018, 1, '', 1, 'admin', '2018-08-06 16:47:41'),
	(1342, 25, '2018-08-06', 2, 2018, 1, '', 1, 'admin', '2018-08-06 16:47:41'),
	(1343, 25, '2018-08-06', 3, 2018, 1, '', 1, 'admin', '2018-08-06 16:47:41'),
	(1344, 25, '2018-08-06', 4, 2018, 1, '', 1, 'admin', '2018-08-06 16:47:41'),
	(1345, 25, '2018-08-06', 5, 2018, 1, '', 1, 'admin', '2018-08-06 16:47:41'),
	(1346, 25, '2018-08-06', 6, 2018, 1, '', 1, 'admin', '2018-08-06 16:47:41'),
	(1347, 25, '2018-08-06', 7, 2018, 1, '', 1, 'admin', '2018-08-06 16:47:41'),
	(1348, 7, '2018-08-06', 8, 2018, 1, '', 1, 'admin', '2018-08-06 20:18:04'),
	(1349, 32, '2018-08-06', 7, 2018, 1, '', 1, 'admin', '2018-08-06 20:29:14'),
	(1350, 32, '2018-08-06', 8, 2018, 1, '', 1, 'admin', '2018-08-06 20:29:14'),
	(1354, 35, '2018-08-06', 8, 2018, 1, '', 1, 'admin', '2018-08-06 21:33:30'),
	(1355, 4, '2018-08-06', 9, 2018, 1, '', 1, 'admin', '2018-08-06 21:42:38'),
	(1356, 4, '2018-08-06', 10, 2018, 1, '', 1, 'admin', '2018-08-06 21:42:38'),
	(1357, 4, '2018-08-06', 11, 2018, 1, '', 1, 'admin', '2018-08-06 21:42:38'),
	(1358, 4, '2018-08-06', 12, 2018, 1, '', 1, 'admin', '2018-08-06 21:42:38'),
	(1359, 5, '2018-08-06', 6, 2018, 1, '', 1, 'admin', '2018-08-06 21:51:17'),
	(1360, 5, '2018-08-06', 7, 2018, 1, '', 1, 'admin', '2018-08-06 21:51:17'),
	(1361, 5, '2018-08-06', 8, 2018, 1, '', 1, 'admin', '2018-08-06 21:51:17'),
	(1362, 22, '2018-08-08', 8, 2018, 1, '', 1, 'admin', '2018-08-08 20:03:43'),
	(1363, 22, '2018-08-08', 9, 2018, 1, '', 1, 'admin', '2018-08-08 20:03:43'),
	(1364, 71, '2018-08-08', 1, 2018, 1, '', 1, 'admin', '2018-08-08 20:14:09'),
	(1365, 71, '2018-08-08', 2, 2018, 1, '', 1, 'admin', '2018-08-08 20:14:09'),
	(1366, 71, '2018-08-08', 3, 2018, 1, '', 1, 'admin', '2018-08-08 20:14:09'),
	(1367, 71, '2018-08-08', 4, 2018, 1, '', 1, 'admin', '2018-08-08 20:14:09'),
	(1368, 71, '2018-08-08', 5, 2018, 1, '', 1, 'admin', '2018-08-08 20:14:09'),
	(1369, 71, '2018-08-08', 6, 2018, 1, '', 1, 'admin', '2018-08-08 20:14:09'),
	(1370, 71, '2018-08-08', 7, 2018, 1, '', 1, 'admin', '2018-08-08 20:14:09'),
	(1371, 71, '2018-08-08', 8, 2018, 1, '', 1, 'admin', '2018-08-08 20:14:09'),
	(1372, 71, '2018-08-08', 9, 2018, 1, '', 1, 'admin', '2018-08-08 20:14:09'),
	(1373, 66, '2018-08-10', 8, 2018, 1, '', 1, 'admin', '2018-08-10 13:31:13'),
	(1374, 62, '2018-08-14', 9, 2018, 1, '', 1, 'admin', '2018-08-14 10:09:39'),
	(1375, 62, '2018-08-14', 10, 2018, 1, '', 1, 'admin', '2018-08-14 10:09:39'),
	(1376, 62, '2018-08-14', 11, 2018, 1, '', 1, 'admin', '2018-08-14 10:09:39'),
	(1377, 65, '2018-08-14', 8, 2018, 1, '', 1, 'admin', '2018-08-14 10:10:17'),
	(1378, 67, '2018-08-18', 8, 2018, 1, '', 1, 'admin', '2018-08-18 10:13:34'),
	(1379, 73, '2018-08-21', 6, 2018, 1, '', 1, 'admin', '2018-08-21 10:58:54'),
	(1380, 73, '2018-08-21', 7, 2018, 1, '', 1, 'admin', '2018-08-21 10:58:54'),
	(1381, 73, '2018-08-21', 8, 2018, 1, '', 1, 'admin', '2018-08-21 10:58:54'),
	(1382, 74, '2018-08-21', 6, 2018, 1, '', 1, 'admin', '2018-08-21 11:01:48'),
	(1383, 74, '2018-08-21', 7, 2018, 1, '', 1, 'admin', '2018-08-21 11:01:48'),
	(1384, 74, '2018-08-21', 8, 2018, 1, '', 1, 'admin', '2018-08-21 11:01:48'),
	(1385, 75, '2018-08-21', 8, 2018, 1, '', 1, 'admin', '2018-08-21 11:20:01'),
	(1386, 76, '2018-08-25', 1, 2018, 1, '', 1, 'admin', '2018-08-25 21:06:57'),
	(1387, 76, '2018-08-25', 2, 2018, 1, '', 1, 'admin', '2018-08-25 21:06:57'),
	(1388, 76, '2018-08-25', 3, 2018, 1, '', 1, 'admin', '2018-08-25 21:06:57'),
	(1389, 76, '2018-08-25', 4, 2018, 1, '', 1, 'admin', '2018-08-25 21:06:57'),
	(1390, 76, '2018-08-25', 5, 2018, 1, '', 1, 'admin', '2018-08-25 21:06:57'),
	(1391, 76, '2018-08-25', 6, 2018, 1, '', 1, 'admin', '2018-08-25 21:06:57'),
	(1392, 76, '2018-08-25', 7, 2018, 1, '', 1, 'admin', '2018-08-25 21:06:57'),
	(1393, 76, '2018-08-25', 8, 2018, 1, '', 1, 'admin', '2018-08-25 21:06:57'),
	(1394, 61, '2018-09-06', 6, 2018, 1, '', 1, 'admin', '2018-09-06 19:34:09'),
	(1395, 61, '2018-09-06', 7, 2018, 1, '', 1, 'admin', '2018-09-06 19:34:09'),
	(1396, 61, '2018-09-06', 8, 2018, 1, '', 1, 'admin', '2018-09-06 19:34:09'),
	(1397, 61, '2018-09-06', 9, 2018, 1, '', 1, 'admin', '2018-09-06 19:34:09'),
	(1398, 36, '2018-09-08', 6, 2018, 1, '', 1, 'admin', '2018-09-08 18:01:29'),
	(1399, 36, '2018-09-08', 7, 2018, 1, '', 1, 'admin', '2018-09-08 18:01:29'),
	(1400, 36, '2018-09-08', 8, 2018, 1, '', 1, 'admin', '2018-09-08 18:01:29'),
	(1401, 36, '2018-09-08', 9, 2018, 1, '', 1, 'admin', '2018-09-08 18:01:29'),
	(1402, 36, '2018-09-08', 10, 2018, 1, '', 1, 'admin', '2018-09-08 18:01:29'),
	(1403, 35, '2018-09-08', 9, 2018, 1, '', 1, 'admin', '2018-09-08 18:02:17'),
	(1404, 35, '2018-09-08', 10, 2018, 1, '', 1, 'admin', '2018-09-08 18:02:17'),
	(1405, 77, '2018-09-08', 8, 2018, 1, '', 1, 'admin', '2018-09-08 18:34:58'),
	(1406, 77, '2018-09-08', 9, 2018, 1, '', 1, 'admin', '2018-09-08 18:34:58'),
	(1407, 24, '2018-09-09', 8, 2018, 1, '', 1, 'admin', '2018-09-09 21:47:23'),
	(1408, 24, '2018-09-09', 9, 2018, 1, '', 1, 'admin', '2018-09-09 21:47:23'),
	(1409, 78, '2018-09-13', 9, 2018, 1, '', 1, 'admin', '2018-09-13 16:44:52'),
	(1410, 78, '2018-09-13', 10, 2018, 1, '', 1, 'admin', '2018-09-13 16:44:52'),
	(1411, 78, '2018-09-13', 11, 2018, 1, '', 1, 'admin', '2018-09-13 16:44:52'),
	(1412, 78, '2018-09-13', 12, 2018, 1, '', 1, 'admin', '2018-09-13 16:44:52'),
	(1413, 7, '2018-09-13', 9, 2018, 1, '', 1, 'admin', '2018-09-13 19:30:46'),
	(1414, 74, '2018-09-13', 9, 2018, 1, '', 1, 'admin', '2018-09-13 20:55:29'),
	(1415, 74, '2018-09-13', 10, 2018, 1, '', 1, 'admin', '2018-09-13 20:55:29'),
	(1416, 74, '2018-09-13', 11, 2018, 1, '', 1, 'admin', '2018-09-13 20:55:29'),
	(1417, 74, '2018-09-13', 12, 2018, 1, '', 1, 'admin', '2018-09-13 20:55:29'),
	(1418, 73, '2018-09-13', 9, 2018, 1, '', 1, 'admin', '2018-09-13 20:56:04'),
	(1419, 73, '2018-09-13', 10, 2018, 1, '', 1, 'admin', '2018-09-13 20:56:04'),
	(1420, 12, '2018-09-20', 1, 2018, 1, '', 1, 'admin', '2018-09-20 11:32:27'),
	(1421, 12, '2018-09-20', 2, 2018, 1, '', 1, 'admin', '2018-09-20 11:32:27'),
	(1422, 12, '2018-09-20', 3, 2018, 1, '', 1, 'admin', '2018-09-20 11:32:27'),
	(1423, 12, '2018-09-20', 4, 2018, 1, '', 1, 'admin', '2018-09-20 11:32:27'),
	(1424, 12, '2018-09-20', 5, 2018, 1, '', 1, 'admin', '2018-09-20 11:32:27'),
	(1425, 12, '2018-09-20', 6, 2018, 1, '', 1, 'admin', '2018-09-20 11:32:27'),
	(1426, 12, '2018-09-20', 7, 2018, 1, '', 1, 'admin', '2018-09-20 11:32:27'),
	(1427, 12, '2018-09-20', 8, 2018, 1, '', 1, 'admin', '2018-09-20 11:32:27'),
	(1428, 12, '2018-09-20', 9, 2018, 1, '', 1, 'admin', '2018-09-20 11:32:27'),
	(1429, 12, '2018-09-20', 10, 2018, 1, '', 1, 'admin', '2018-09-20 11:32:27'),
	(1430, 12, '2018-09-20', 11, 2018, 1, '', 1, 'admin', '2018-09-20 11:32:27'),
	(1431, 12, '2018-09-20', 12, 2018, 1, '', 1, 'admin', '2018-09-20 11:32:27'),
	(1432, 52, '2018-10-02', 9, 2018, 1, '', 1, 'admin', '2018-10-02 20:02:27'),
	(1433, 52, '2018-10-02', 10, 2018, 1, '', 1, 'admin', '2018-10-02 20:02:27'),
	(1434, 31, '2018-10-02', 8, 2018, 1, '', 1, 'admin', '2018-10-02 20:03:19'),
	(1435, 31, '2018-10-02', 9, 2018, 1, '', 1, 'admin', '2018-10-02 20:03:19'),
	(1436, 31, '2018-10-02', 10, 2018, 1, '', 1, 'admin', '2018-10-02 20:03:19'),
	(1437, 31, '2018-10-02', 11, 2018, 1, '', 1, 'admin', '2018-10-02 20:03:19'),
	(1438, 31, '2018-10-02', 12, 2018, 1, '', 1, 'admin', '2018-10-02 20:03:19'),
	(1439, 22, '2018-10-08', 10, 2018, 1, '', 1, 'admin', '2018-10-08 22:41:33'),
	(1440, 65, '2018-10-09', 9, 2018, 1, '', 1, 'admin', '2018-10-09 11:23:16'),
	(1441, 65, '2018-10-09', 10, 2018, 1, '', 1, 'admin', '2018-10-09 11:23:16'),
	(1442, 79, '2018-10-10', 1, 2018, 1, '', 1, 'admin', '2018-10-10 20:17:48'),
	(1443, 79, '2018-10-10', 2, 2018, 1, '', 1, 'admin', '2018-10-10 20:17:48'),
	(1444, 79, '2018-10-10', 3, 2018, 1, '', 1, 'admin', '2018-10-10 20:17:48'),
	(1445, 79, '2018-10-10', 4, 2018, 1, '', 1, 'admin', '2018-10-10 20:17:48'),
	(1446, 79, '2018-10-10', 5, 2018, 1, '', 1, 'admin', '2018-10-10 20:17:48'),
	(1447, 79, '2018-10-10', 6, 2018, 1, '', 1, 'admin', '2018-10-10 20:17:48'),
	(1448, 79, '2018-10-10', 7, 2018, 1, '', 1, 'admin', '2018-10-10 20:17:48'),
	(1449, 79, '2018-10-10', 8, 2018, 1, '', 1, 'admin', '2018-10-10 20:17:48'),
	(1450, 79, '2018-10-10', 9, 2018, 1, '', 1, 'admin', '2018-10-10 20:17:48'),
	(1451, 79, '2018-10-10', 10, 2018, 1, '', 1, 'admin', '2018-10-10 20:17:48'),
	(1452, 42, '2018-10-16', 6, 2018, 1, '', 1, 'admin', '2018-10-16 11:11:53'),
	(1453, 42, '2018-10-16', 7, 2018, 1, '', 1, 'admin', '2018-10-16 11:11:53'),
	(1454, 42, '2018-10-16', 8, 2018, 1, '', 1, 'admin', '2018-10-16 11:11:53'),
	(1455, 42, '2018-10-16', 9, 2018, 1, '', 1, 'admin', '2018-10-16 11:11:53'),
	(1456, 42, '2018-10-16', 10, 2018, 1, '', 1, 'admin', '2018-10-16 11:11:53'),
	(1457, 7, '2018-10-24', 10, 2018, 1, '', 1, 'admin', '2018-10-24 08:49:45'),
	(1458, 8, '2018-10-27', 9, 2018, 1, '', 1, 'admin', '2018-10-27 20:56:19'),
	(1459, 8, '2018-10-27', 10, 2018, 1, '', 1, 'admin', '2018-10-27 20:56:19'),
	(1460, 8, '2018-10-27', 11, 2018, 1, '', 1, 'admin', '2018-10-27 20:56:19'),
	(1461, 67, '2018-10-27', 9, 2018, 1, '', 1, 'admin', '2018-10-27 20:58:51'),
	(1462, 67, '2018-10-27', 10, 2018, 1, '', 1, 'admin', '2018-10-27 20:58:51'),
	(1463, 80, '2018-10-27', 8, 2018, 1, '', 1, 'admin', '2018-10-27 21:01:47'),
	(1464, 80, '2018-10-27', 9, 2018, 1, '', 1, 'admin', '2018-10-27 21:01:47'),
	(1465, 80, '2018-10-27', 10, 2018, 1, '', 1, 'admin', '2018-10-27 21:01:47'),
	(1466, 10, '2018-10-28', 8, 2018, 1, '', 1, 'admin', '2018-10-28 09:00:49'),
	(1467, 10, '2018-10-28', 9, 2018, 1, '', 1, 'admin', '2018-10-28 09:00:49'),
	(1468, 10, '2018-10-28', 10, 2018, 1, '', 1, 'admin', '2018-10-28 09:00:49'),
	(1469, 10, '2018-10-28', 11, 2018, 1, '', 1, 'admin', '2018-10-28 09:00:49'),
	(1470, 10, '2018-10-28', 12, 2018, 1, '', 1, 'admin', '2018-10-28 09:00:49'),
	(1471, 30, '2018-11-02', 8, 2018, 1, '', 1, 'admin', '2018-11-02 21:58:32'),
	(1472, 30, '2018-11-02', 9, 2018, 1, '', 1, 'admin', '2018-11-02 21:58:32'),
	(1473, 30, '2018-11-02', 10, 2018, 1, '', 1, 'admin', '2018-11-02 21:58:32'),
	(1474, 30, '2018-11-02', 11, 2018, 1, '', 1, 'admin', '2018-11-02 21:58:32'),
	(1475, 30, '2018-11-02', 12, 2018, 1, '', 1, 'admin', '2018-11-02 21:58:32'),
	(1476, 1, '2018-11-04', 9, 2018, 1, '', 1, 'admin', '2018-11-04 11:02:50'),
	(1477, 1, '2018-11-04', 10, 2018, 1, '', 1, 'admin', '2018-11-04 11:02:50'),
	(1478, 1, '2018-11-04', 11, 2018, 1, '', 1, 'admin', '2018-11-04 11:02:50'),
	(1479, 1, '2018-11-04', 12, 2018, 1, '', 1, 'admin', '2018-11-04 11:02:50'),
	(1480, 45, '2018-11-04', 11, 2018, 1, '', 1, 'admin', '2018-11-04 11:04:28'),
	(1481, 45, '2018-11-04', 12, 2018, 1, '', 1, 'admin', '2018-11-04 11:04:28'),
	(1482, 22, '2018-11-08', 11, 2018, 1, '', 1, 'admin', '2018-11-08 20:32:32'),
	(1483, 77, '2018-11-21', 10, 2018, 1, '', 1, 'admin', '2018-11-21 00:24:09'),
	(1484, 77, '2018-11-21', 11, 2018, 1, '', 1, 'admin', '2018-11-21 00:24:09'),
	(1485, 80, '2018-11-21', 11, 2018, 1, '', 1, 'admin', '2018-11-21 00:24:44'),
	(1486, 80, '2018-11-21', 12, 2018, 1, '', 1, 'admin', '2018-11-21 00:24:44'),
	(1487, 20, '2018-11-26', 11, 2018, 1, '', 1, 'admin', '2018-11-26 19:45:13'),
	(1488, 20, '2018-11-26', 12, 2018, 1, '', 1, 'admin', '2018-11-26 19:45:13'),
	(1489, 35, '2018-11-26', 11, 2018, 1, '', 1, 'admin', '2018-11-26 19:52:37'),
	(1490, 35, '2018-11-26', 12, 2018, 1, '', 1, 'admin', '2018-11-26 19:52:37'),
	(1491, 67, '2018-11-26', 11, 2018, 1, '', 1, 'admin', '2018-11-26 19:59:41'),
	(1492, 75, '2018-11-26', 9, 2018, 1, '', 1, 'admin', '2018-11-26 20:07:09'),
	(1493, 75, '2018-11-26', 10, 2018, 1, '', 1, 'admin', '2018-11-26 20:07:09'),
	(1494, 75, '2018-11-26', 11, 2018, 1, '', 1, 'admin', '2018-11-26 20:07:09'),
	(1495, 79, '2018-12-03', 11, 2018, 1, '', 1, 'admin', '2018-12-03 18:56:04'),
	(1496, 79, '2018-12-03', 12, 2018, 1, '', 1, 'admin', '2018-12-03 18:56:04'),
	(1497, 22, '2018-12-03', 12, 2018, 1, '', 1, 'admin', '2018-12-03 19:07:01'),
	(1498, 66, '2018-12-10', 9, 2018, 1, '', 1, 'admin', '2018-12-10 16:18:20'),
	(1499, 66, '2018-12-10', 10, 2018, 1, '', 1, 'admin', '2018-12-10 16:18:20'),
	(1500, 66, '2018-12-10', 11, 2018, 1, '', 1, 'admin', '2018-12-10 16:18:20'),
	(1501, 66, '2018-12-10', 12, 2018, 1, '', 1, 'admin', '2018-12-10 16:18:20'),
	(1502, 73, '2018-12-10', 11, 2018, 1, '', 1, 'admin', '2018-12-10 16:19:23'),
	(1503, 73, '2018-12-10', 12, 2018, 1, '', 1, 'admin', '2018-12-10 16:19:23'),
	(1504, 7, '2018-12-10', 11, 2018, 1, '', 1, 'admin', '2018-12-10 16:25:42'),
	(1505, 7, '2018-12-10', 12, 2018, 1, '', 1, 'admin', '2018-12-10 16:25:42'),
	(1506, 21, '2018-12-10', 8, 2018, 1, '', 1, 'admin', '2018-12-10 20:43:16'),
	(1507, 21, '2018-12-10', 9, 2018, 1, '', 1, 'admin', '2018-12-10 20:43:16'),
	(1508, 21, '2018-12-10', 10, 2018, 1, '', 1, 'admin', '2018-12-10 20:43:16'),
	(1509, 21, '2018-12-10', 11, 2018, 1, '', 1, 'admin', '2018-12-10 20:43:16'),
	(1510, 21, '2018-12-10', 12, 2018, 1, '', 1, 'admin', '2018-12-10 20:43:16');
/*!40000 ALTER TABLE `iuran` ENABLE KEYS */;

-- membuang struktur untuk table puji.kas
CREATE TABLE IF NOT EXISTS `kas` (
  `id_kas` int(11) NOT NULL AUTO_INCREMENT,
  `tanggal` date DEFAULT NULL,
  `keterangan` varchar(500) DEFAULT NULL,
  `no_bukti` varchar(100) DEFAULT NULL,
  `aksi` int(11) DEFAULT NULL,
  `jumlah` int(11) DEFAULT NULL,
  `user` varchar(50) DEFAULT NULL,
  `data_update` datetime DEFAULT NULL,
  PRIMARY KEY (`id_kas`),
  KEY `tanggal` (`tanggal`)
) ENGINE=InnoDB AUTO_INCREMENT=143 DEFAULT CHARSET=latin1;

-- Membuang data untuk tabel puji.kas: ~114 rows (lebih kurang)
/*!40000 ALTER TABLE `kas` DISABLE KEYS */;
INSERT INTO `kas` (`id_kas`, `tanggal`, `keterangan`, `no_bukti`, `aksi`, `jumlah`, `user`, `data_update`) VALUES
	(1, '2018-08-06', 'Bayar Iuran ABDIL HAKAM bulan  Januari Februari Maret April Mei Juni Juli 2018', '', 1, 140000, 'admin', '2018-08-06 16:55:59'),
	(2, '2018-08-06', 'Bayar iuran LUKMAN bulan Januari Februari Maret April Mei Juni Juli Agustus', NULL, 1, 160000, NULL, NULL),
	(3, '2018-08-06', 'Bayar iuran FACHRUL ALI bulan Januari Februari Maret April Mei Juni Juli Agustus September Oktober November Desember', NULL, 1, 240000, NULL, NULL),
	(4, '2018-08-06', 'Bayar iuran DIDIK bulan Juni Juli Agustus', NULL, 1, 60000, NULL, NULL),
	(5, '2018-08-06', 'Bayar iuran FAISAL bulan Januari Februari Maret April Mei Juni Juli Agustus September Oktober November Desember', NULL, 1, 240000, NULL, NULL),
	(6, '2018-08-06', 'Bayar iuran SAMSUL ISLAM bulan Januari Februari Maret April Mei Juni Juli Agustus', NULL, 1, 160000, NULL, NULL),
	(7, '2018-08-06', 'Bayar iuran ADIT bulan April Mei Juni Juli', NULL, 1, 80000, NULL, NULL),
	(8, '2018-08-06', 'Bayar iuran IFEN bulan Januari Februari Maret April Mei Juni Juli Agustus', NULL, 1, 160000, NULL, NULL),
	(9, '2018-08-06', 'Bayar iuran RUDI bulan Januari Februari Maret April Mei Juni Juli Agustus', NULL, 1, 160000, NULL, NULL),
	(10, '2018-08-06', 'Bayar iuran TITIK bulan Januari Februari Maret April Mei Juni Juli', NULL, 1, 140000, NULL, NULL),
	(11, '2018-08-06', 'Bayar iuran ROSA bulan Januari Februari Maret April Mei Juni Juli', NULL, 1, 140000, NULL, NULL),
	(12, '2018-08-06', 'Bayar iuran HANAFI bulan Januari Februari Maret April Mei Juni Juli Agustus September Oktober', NULL, 1, 200000, NULL, NULL),
	(13, '2018-08-06', 'Bayar iuran DANI HERMAWAN bulan Januari Februari Maret April Mei Juni Juli Agustus September Oktober', NULL, 1, 200000, NULL, NULL),
	(14, '2018-08-06', 'Bayar iuran LUKI bulan Januari Februari Maret April Mei', NULL, 1, 100000, NULL, NULL),
	(15, '2018-08-06', 'Bayar iuran FAJAR bulan Januari Februari Maret April Mei Juni Juli Agustus', NULL, 1, 160000, NULL, NULL),
	(16, '2018-08-06', 'Bayar iuran ASRUL MARIADI bulan Januari Februari Maret April Mei Juni Juli Agustus September Oktober', NULL, 1, 200000, NULL, NULL),
	(17, '2018-08-06', 'Bayar iuran REZA bulan Januari Februari Maret April Mei Juni Juli', NULL, 1, 140000, NULL, NULL),
	(18, '2018-08-06', 'Bayar iuran HARIONO bulan Januari Februari Maret April Mei Juni Juli', NULL, 1, 140000, NULL, NULL),
	(19, '2018-08-06', 'Bayar iuran AMIN bulan Januari Februari Maret April Mei Juni Juli Agustus September Oktober November Desember', NULL, 1, 240000, NULL, NULL),
	(20, '2018-08-06', 'Bayar iuran EKO BUDI S bulan Januari Februari Maret April Mei Juni Juli', NULL, 1, 140000, NULL, NULL),
	(21, '2018-08-06', 'Bayar iuran ROBY bulan Januari Februari Maret April Mei Juni Juli Agustus September Oktober', NULL, 1, 200000, NULL, NULL),
	(22, '2018-08-06', 'Bayar iuran NORRIS bulan Januari Februari Maret April Mei', NULL, 1, 100000, NULL, NULL),
	(23, '2018-08-06', 'Bayar iuran PUTU SUKMAJAYA bulan Juli Agustus September Oktober November Desember', NULL, 1, 120000, NULL, NULL),
	(24, '2018-08-06', 'Bayar iuran MISJIANTORO bulan Maret April Mei Juni Juli', NULL, 1, 100000, NULL, NULL),
	(25, '2018-08-06', 'Bayar iuran YULI SETYAWAN bulan Januari Februari Maret April Mei Juni Juli', NULL, 1, 140000, NULL, NULL),
	(26, '2018-08-06', 'Bayar iuran AGUS SUJIONO bulan Januari Februari Maret April Mei Juni', NULL, 1, 120000, NULL, NULL),
	(27, '2018-08-06', 'Bayar iuran SITI KHOLIFAH bulan Januari Februari Maret April Mei Juni Juli Agustus September Oktober November Desember', NULL, 1, 240000, NULL, NULL),
	(28, '2018-08-06', 'Bayar iuran AGIEK bulan Januari Februari', NULL, 1, 40000, NULL, NULL),
	(29, '2018-08-06', 'Bayar iuran EKO SULKANI bulan Januari Februari Maret April Mei Juni Juli', NULL, 1, 140000, NULL, NULL),
	(30, '2018-08-06', 'Bayar iuran M. HANDI AGUNG bulan Januari Februari Maret April Mei', NULL, 1, 100000, NULL, NULL),
	(31, '2018-08-06', 'Bayar iuran BU SUBIANTO bulan Januari Februari Maret April Mei Juni', NULL, 1, 120000, NULL, NULL),
	(32, '2018-08-06', 'Bayar iuran AMRI UMAR bulan Januari Februari Maret April Mei Juni Juli', NULL, 1, 140000, NULL, NULL),
	(33, '2018-08-06', 'Bayar iuran MUANAM bulan Januari Februari Maret April Mei Juni Juli Agustus September Oktober November Desember', NULL, 1, 240000, NULL, NULL),
	(34, '2018-08-06', 'Bayar iuran M. AFIF bulan Januari Februari Maret April Mei Juni Juli', NULL, 1, 140000, NULL, NULL),
	(35, '2018-08-06', 'Bayar iuran LULUK DWI H bulan Januari Februari Maret April Mei Juni Juli Agustus September Oktober', NULL, 1, 200000, NULL, NULL),
	(36, '2018-08-06', 'Bayar iuran NUNANG bulan Januari Februari Maret April Mei', NULL, 1, 100000, NULL, NULL),
	(37, '2018-08-06', 'Bayar iuran DEBBY BAMBANG bulan Januari Februari Maret April Mei Juni Juli Agustus September Oktober', NULL, 1, 200000, NULL, NULL),
	(38, '2018-08-06', 'Bayar iuran HENDRA bulan Juni Juli Agustus September Oktober', NULL, 1, 100000, NULL, NULL),
	(39, '2018-08-06', 'Bayar iuran DEBY SETYAWAN bulan Januari Februari Maret April Mei Juni Juli', NULL, 1, 140000, NULL, NULL),
	(40, '2018-08-06', 'Bayar iuran KUNTORO BUDI bulan Januari Februari Maret April Mei Juni Juli Agustus September Oktober November Desember', NULL, 1, 240000, NULL, NULL),
	(41, '2018-08-06', 'Bayar iuran HERI PURWANTO bulan Februari Maret April Mei Juni Juli Agustus September Oktober November', NULL, 1, 200000, NULL, NULL),
	(42, '2018-08-06', 'Bayar iuran MUSTOFA bulan Januari Februari Maret April Mei Juni Juli Agustus', NULL, 1, 160000, NULL, NULL),
	(43, '2018-08-06', 'Bayar iuran M. LUTFI ANDI bulan Januari Februari Maret April Mei Juni Juli Agustus September Oktober', NULL, 1, 200000, NULL, NULL),
	(44, '2018-08-06', 'Bayar iuran YONO EKO bulan Januari Februari Maret April Mei Juni Juli Agustus', NULL, 1, 160000, NULL, NULL),
	(45, '2018-08-06', 'Bayar iuran HENDRA K bulan Januari Februari Maret April Mei Juni Juli Agustus', NULL, 1, 160000, NULL, NULL),
	(46, '2018-08-06', 'Bayar iuran ARUM bulan Januari Februari Maret April Mei Juni Juli Agustus', NULL, 1, 160000, NULL, NULL),
	(47, '2018-08-06', 'Bayar iuran GADING bulan Januari Februari Maret April Mei Juni Juli Agustus September Oktober November Desember', NULL, 1, 240000, NULL, NULL),
	(48, '2018-08-06', 'Bayar iuran ENDIK bulan Januari Februari Maret April Mei Juni Juli Agustus September Oktober November Desember', NULL, 1, 240000, NULL, NULL),
	(49, '2018-08-06', 'Bayar iuran ARIF bulan Januari Februari Maret April Mei Juni Juli Agustus', NULL, 1, 160000, NULL, NULL),
	(50, '2018-08-06', 'Bayar iuran DICKY bulan Januari Februari Maret April Mei Juni Juli Agustus September Oktober November Desember', NULL, 1, 240000, NULL, NULL),
	(51, '2018-08-06', 'Bayar iuran REDY MUNAR bulan Januari Februari Maret April Mei Juni Juli', NULL, 1, 140000, NULL, NULL),
	(52, '2018-08-06', 'Bayar iuran DESLIN ANASTASYA bulan Mei', NULL, 1, 20000, NULL, NULL),
	(53, '2018-08-06', 'Bayar iuran PUJI SETYOWARGONI bulan Juni Juli Agustus', NULL, 1, 60000, NULL, NULL),
	(54, '2018-08-06', 'Bayar iuran PAULA ZULQARNAIN bulan Januari Februari Maret April Mei Juni Juli Agustus', NULL, 1, 160000, NULL, NULL),
	(55, '2018-08-06', 'Bayar iuran RESTA bulan Juni Juli', NULL, 1, 40000, NULL, NULL),
	(57, '2018-08-06', 'Bayar iuran YOHANES bulan Januari Februari Maret April Mei Juni Juli', NULL, 1, 140000, NULL, NULL),
	(58, '2018-08-06', 'Bayar iuran FARIDA bulan Januari Februari Maret April Mei Juni Juli Agustus', NULL, 1, 160000, NULL, NULL),
	(59, '2018-08-06', 'Bayar iuran HENDRO bulan Januari Februari Maret April Mei Juni Juli Agustus', NULL, 1, 160000, NULL, NULL),
	(60, '2018-08-06', 'Bayar iuran TAUFIK bulan Januari Februari Maret April Mei', NULL, 1, 100000, NULL, NULL),
	(62, '2018-08-06', 'Penyesuaian Iuran KUNTORO BUDI bulan januari sudah bayar di NUG', '', 2, 20000, 'admin', '2018-08-06 19:35:39'),
	(63, '2018-08-06', 'Penyesuaian Iuran Yono Eko 5 bulan sudah bayar di NUG', '', 2, 100000, 'admin', '2018-08-06 19:45:01'),
	(64, '2018-08-06', 'Pak RT ambil uang 21 Mei 2018', '', 2, 2200000, 'admin', '2018-08-06 19:45:57'),
	(65, '2018-08-06', 'Pak RT ambil uang 22 Juli 2018 ', '', 2, 1260000, 'admin', '2018-08-06 19:46:38'),
	(66, '2018-08-06', 'Pak RT ambil uang untuk agustusan 31 Juli 2018', '', 2, 1750000, 'admin', '2018-08-06 19:47:32'),
	(67, '2018-08-06', 'Beli bendera dan umbul-umbul', '', 2, 350000, 'admin', '2018-08-06 19:48:11'),
	(68, '2018-08-06', 'Beli lampu hias ', '', 2, 200000, 'admin', '2018-08-06 19:48:41'),
	(69, '2018-08-06', 'Bayar Iuran ADIT bulan  Agustus 2018', '', 1, 20000, 'admin', '2018-08-06 20:18:04'),
	(70, '2018-08-06', 'Bayar Iuran AGUS SUJIONO bulan  Juli Agustus 2018', '', 1, 40000, 'admin', '2018-08-06 20:29:14'),
	(88, '2018-08-06', 'Bayar Iuran EKO SULKANI bulan  Agustus 2018', '', 1, 20000, 'admin', '2018-08-06 21:31:56'),
	(89, '2018-08-06', 'Hapus Iuran EKO SULKANI bulan  Agustus 2018', '', 2, 20000, 'admin', '2018-08-06 21:32:58'),
	(90, '2018-08-06', 'Bayar Iuran EKO SULKANI bulan  Agustus 2018', '', 1, 20000, 'admin', '2018-08-06 21:33:30'),
	(91, '2018-08-06', 'Hapus Iuran FAISAL bulan  September Oktober November Desember 2018', '', 2, 80000, 'admin', '2018-08-06 21:40:45'),
	(92, '2018-08-06', 'Bayar Iuran FAISAL bulan  September Oktober November Desember 2018', '', 1, 80000, 'admin', '2018-08-06 21:42:38'),
	(93, '2018-08-06', 'Hapus Iuran SAMSUL ISLAM bulan  Juni Juli Agustus 2018', '', 2, 60000, 'admin', '2018-08-06 21:50:39'),
	(94, '2018-08-06', 'Bayar Iuran SAMSUL ISLAM bulan  Juni Juli Agustus 2018', '', 1, 60000, 'admin', '2018-08-06 21:51:18'),
	(95, '2018-08-08', 'Bayar Iuran HARIONO bulan  Agustus September 2018', '', 1, 40000, 'admin', '2018-08-08 20:03:44'),
	(96, '2018-08-08', 'Bayar Iuran Titik arema bulan  Januari Februari Maret April Mei Juni Juli Agustus September 2018', '', 1, 180000, 'admin', '2018-08-08 20:14:09'),
	(97, '2018-08-10', 'Bayar Iuran NYOTO SANTOSO bulan  Agustus 2018', '', 1, 20000, 'admin', '2018-08-10 13:31:14'),
	(98, '2018-08-14', 'Bayar Iuran PUJI SETYOWARGONI bulan  September Oktober November 2018', '', 1, 60000, 'admin', '2018-08-14 10:09:39'),
	(99, '2018-08-14', 'Bayar Iuran RESTA bulan  Agustus 2018', '', 1, 20000, 'admin', '2018-08-14 10:10:17'),
	(100, '2018-08-18', 'Bayar Iuran YOHANES bulan  Agustus 2018', '', 1, 20000, 'admin', '2018-08-18 10:13:34'),
	(101, '2018-08-21', 'Bayar Iuran Sevan bulan  Juni Juli Agustus 2018', '', 1, 60000, 'admin', '2018-08-21 10:58:55'),
	(102, '2018-08-21', 'Bayar Iuran NABIL bulan  Juni Juli Agustus 2018', '', 1, 60000, 'admin', '2018-08-21 11:01:49'),
	(103, '2018-08-21', 'Bayar Iuran FREDI bulan  Agustus 2018', '', 1, 20000, 'admin', '2018-08-21 11:20:02'),
	(104, '2018-08-25', 'Bayar Iuran Alwi / Cak wie bulan  Januari Februari Maret April Mei Juni Juli Agustus 2018', '', 1, 160000, 'admin', '2018-08-25 21:06:57'),
	(105, '2018-09-06', 'Bayar Iuran DESLIN ANASTASYA bulan  Juni Juli Agustus September 2018', '', 1, 80000, 'admin', '2018-09-06 19:34:09'),
	(106, '2018-09-08', 'Bayar Iuran M. HANDI AGUNG bulan  Juni Juli Agustus September Oktober 2018', '', 1, 100000, 'admin', '2018-09-08 18:01:29'),
	(107, '2018-09-08', 'Bayar Iuran EKO SULKANI bulan  September Oktober 2018', '', 1, 40000, 'admin', '2018-09-08 18:02:17'),
	(108, '2018-09-08', 'Bayar Iuran Alix wijaya bulan  Agustus September 2018', '', 1, 40000, 'admin', '2018-09-08 18:34:58'),
	(109, '2018-09-09', 'Bayar Iuran EKO BUDI S bulan  Agustus September 2018', '', 1, 40000, 'admin', '2018-09-09 21:47:23'),
	(110, '2018-09-13', 'Bayar Iuran Nafis bulan  September Oktober November Desember 2018', '', 1, 80000, 'admin', '2018-09-13 16:44:52'),
	(111, '2018-09-10', 'Bayar kekurangan sate gule', '', 2, 350000, 'admin', '2018-09-13 16:58:23'),
	(112, '2018-09-13', 'Bayar Iuran ADIT bulan  September 2018', '', 1, 20000, 'admin', '2018-09-13 19:30:46'),
	(113, '2018-09-13', 'Bayar Iuran NABIL bulan  September Oktober November Desember 2018', '', 1, 80000, 'admin', '2018-09-13 20:55:30'),
	(114, '2018-09-13', 'Bayar Iuran Sevan bulan  September Oktober 2018', '', 1, 40000, 'admin', '2018-09-13 20:56:05'),
	(115, '2018-09-20', 'Bayar Iuran RINI SETYOWATI bulan  Januari Februari Maret April Mei Juni Juli Agustus September Oktober November Desember 2018', '', 1, 240000, 'admin', '2018-09-20 11:32:27'),
	(116, '2018-10-02', 'Bayar Iuran YONO EKO bulan  September Oktober 2018', '', 1, 40000, 'admin', '2018-10-02 20:02:28'),
	(117, '2018-10-02', 'Bayar Iuran YULI SETYAWAN bulan  Agustus September Oktober November Desember 2018', '', 1, 100000, 'admin', '2018-10-02 20:03:19'),
	(118, '2018-10-08', 'Bayar Iuran HARIONO bulan  Oktober 2018', '', 1, 20000, 'admin', '2018-10-08 22:41:34'),
	(119, '2018-10-09', 'Bayar Iuran RESTA bulan  September Oktober 2018', '', 1, 40000, 'admin', '2018-10-09 11:23:17'),
	(120, '2018-10-10', 'Bayar Iuran NIKMATUROHMAH bulan  Januari Februari Maret April Mei Juni Juli Agustus September Oktober 2018', '', 1, 200000, 'admin', '2018-10-10 20:17:49'),
	(121, '2018-10-16', 'Bayar Iuran NUNANG bulan  Juni Juli Agustus September Oktober 2018', '', 1, 100000, 'admin', '2018-10-16 11:11:53'),
	(122, '2018-10-24', 'Bayar Iuran ADIT bulan  Oktober 2018', '', 1, 20000, 'admin', '2018-10-24 08:49:46'),
	(123, '2018-10-27', 'Bayar Iuran IFEN bulan  September Oktober November 2018', '', 1, 60000, 'admin', '2018-10-27 20:56:19'),
	(124, '2018-10-27', 'Bayar Iuran YOHANES bulan  September Oktober 2018', '', 1, 40000, 'admin', '2018-10-27 20:58:51'),
	(125, '2018-10-27', 'Bayar Iuran Vivi bulan  Agustus September Oktober 2018', '', 1, 60000, 'admin', '2018-10-27 21:01:47'),
	(126, '2018-10-28', 'Bayar Iuran TITIK bulan  Agustus September Oktober November Desember 2018', '', 1, 100000, 'admin', '2018-10-28 09:00:49'),
	(127, '2018-11-02', 'Bayar Iuran MISJIANTORO bulan  Agustus September Oktober November Desember 2018', '', 1, 100000, 'admin', '2018-11-02 21:58:33'),
	(128, '2018-11-04', 'Bayar Iuran LUKMAN bulan  September Oktober November Desember 2018', '', 1, 80000, 'admin', '2018-11-04 11:02:51'),
	(129, '2018-11-04', 'Bayar Iuran HENDRA bulan  November Desember 2018', '', 1, 40000, 'admin', '2018-11-04 11:04:28'),
	(130, '2018-11-08', 'Bayar Iuran HARIONO bulan  November 2018', '', 1, 20000, 'admin', '2018-11-08 20:32:32'),
	(131, '2018-11-21', 'Bayar Iuran Alix wijaya bulan  Oktober November 2018', '', 1, 40000, 'admin', '2018-11-21 00:24:10'),
	(132, '2018-11-21', 'Bayar Iuran Vivi bulan  November Desember 2018', '', 1, 40000, 'admin', '2018-11-21 00:24:44'),
	(133, '2018-11-26', 'Bayar Iuran ASRUL MARIADI bulan  November Desember 2018', '', 1, 40000, 'admin', '2018-11-26 19:45:13'),
	(134, '2018-11-26', 'Bayar Iuran EKO SULKANI bulan  November Desember 2018', '', 1, 40000, 'admin', '2018-11-26 19:52:38'),
	(135, '2018-11-26', 'Bayar Iuran YOHANES bulan  November 2018', '', 1, 20000, 'admin', '2018-11-26 19:59:41'),
	(136, '2018-11-26', 'Bayar Iuran FREDI bulan  September Oktober November 2018', '', 1, 60000, 'admin', '2018-11-26 20:07:09'),
	(137, '2018-12-03', 'Bayar Iuran NIKMATUROHMAH bulan  November Desember 2018', '', 1, 40000, 'admin', '2018-12-03 18:56:04'),
	(138, '2018-12-03', 'Bayar Iuran HARIONO bulan  Desember 2018', '', 1, 20000, 'admin', '2018-12-03 19:07:01'),
	(139, '2018-12-10', 'Bayar Iuran NYOTO SANTOSO bulan  September Oktober November Desember 2018', '', 1, 80000, 'admin', '2018-12-10 16:18:21'),
	(140, '2018-12-10', 'Bayar Iuran Sevan bulan  November Desember 2018', '', 1, 40000, 'admin', '2018-12-10 16:19:24'),
	(141, '2018-12-10', 'Bayar Iuran ADIT bulan  November Desember 2018', '', 1, 40000, 'admin', '2018-12-10 16:25:43'),
	(142, '2018-12-10', 'Bayar Iuran REZA bulan  Agustus September Oktober November Desember 2018', '', 1, 100000, 'admin', '2018-12-10 20:43:16');
/*!40000 ALTER TABLE `kas` ENABLE KEYS */;

-- membuang struktur untuk table puji.master_agama
CREATE TABLE IF NOT EXISTS `master_agama` (
  `id_agama` int(11) NOT NULL AUTO_INCREMENT,
  `agama` varchar(50) DEFAULT NULL,
  PRIMARY KEY (`id_agama`)
) ENGINE=InnoDB AUTO_INCREMENT=7 DEFAULT CHARSET=latin1;

-- Membuang data untuk tabel puji.master_agama: ~5 rows (lebih kurang)
/*!40000 ALTER TABLE `master_agama` DISABLE KEYS */;
INSERT INTO `master_agama` (`id_agama`, `agama`) VALUES
	(1, 'ISLAM'),
	(2, 'KRISTEN KATOLIK'),
	(3, 'KRISTEN PROTESTAN'),
	(4, 'HINDU'),
	(5, 'BUDHA'),
	(6, 'LAINNYA');
/*!40000 ALTER TABLE `master_agama` ENABLE KEYS */;

-- membuang struktur untuk table puji.master_aksi
CREATE TABLE IF NOT EXISTS `master_aksi` (
  `id_aksi` int(11) NOT NULL,
  `aksi` varchar(50) NOT NULL,
  PRIMARY KEY (`id_aksi`)
) ENGINE=InnoDB DEFAULT CHARSET=latin1;

-- Membuang data untuk tabel puji.master_aksi: ~2 rows (lebih kurang)
/*!40000 ALTER TABLE `master_aksi` DISABLE KEYS */;
INSERT INTO `master_aksi` (`id_aksi`, `aksi`) VALUES
	(1, 'Masuk'),
	(2, 'Keluar');
/*!40000 ALTER TABLE `master_aksi` ENABLE KEYS */;

-- membuang struktur untuk table puji.master_blok
CREATE TABLE IF NOT EXISTS `master_blok` (
  `id_blok` int(11) NOT NULL AUTO_INCREMENT,
  `blok` varchar(5) NOT NULL,
  PRIMARY KEY (`id_blok`)
) ENGINE=InnoDB AUTO_INCREMENT=7 DEFAULT CHARSET=latin1;

-- Membuang data untuk tabel puji.master_blok: ~4 rows (lebih kurang)
/*!40000 ALTER TABLE `master_blok` DISABLE KEYS */;
INSERT INTO `master_blok` (`id_blok`, `blok`) VALUES
	(1, 'J1'),
	(2, 'K1'),
	(3, 'L1'),
	(4, 'Q'),
	(5, 'R'),
	(6, 'S');
/*!40000 ALTER TABLE `master_blok` ENABLE KEYS */;

-- membuang struktur untuk table puji.master_bulan
CREATE TABLE IF NOT EXISTS `master_bulan` (
  `id_bulan` int(11) NOT NULL AUTO_INCREMENT,
  `bulan` varchar(50) DEFAULT NULL,
  PRIMARY KEY (`id_bulan`)
) ENGINE=InnoDB AUTO_INCREMENT=13 DEFAULT CHARSET=latin1;

-- Membuang data untuk tabel puji.master_bulan: ~11 rows (lebih kurang)
/*!40000 ALTER TABLE `master_bulan` DISABLE KEYS */;
INSERT INTO `master_bulan` (`id_bulan`, `bulan`) VALUES
	(1, 'Januari'),
	(2, 'Februari'),
	(3, 'Maret'),
	(4, 'April'),
	(5, 'Mei'),
	(6, 'Juni'),
	(7, 'Juli'),
	(8, 'Agustus'),
	(9, 'September'),
	(10, 'Oktober'),
	(11, 'November'),
	(12, 'Desember');
/*!40000 ALTER TABLE `master_bulan` ENABLE KEYS */;

-- membuang struktur untuk table puji.master_iuran
CREATE TABLE IF NOT EXISTS `master_iuran` (
  `id_jenis_iuran` int(11) NOT NULL AUTO_INCREMENT,
  `iuran` varchar(50) DEFAULT NULL,
  `harga` int(11) DEFAULT NULL,
  `keterangan` varchar(200) DEFAULT NULL,
  `status` int(11) DEFAULT NULL,
  PRIMARY KEY (`id_jenis_iuran`),
  KEY `iuran` (`iuran`)
) ENGINE=InnoDB AUTO_INCREMENT=2 DEFAULT CHARSET=latin1;

-- Membuang data untuk tabel puji.master_iuran: ~0 rows (lebih kurang)
/*!40000 ALTER TABLE `master_iuran` DISABLE KEYS */;
INSERT INTO `master_iuran` (`id_jenis_iuran`, `iuran`, `harga`, `keterangan`, `status`) VALUES
	(1, 'Bulanan', 20000, 'Iuran Sampah dan kas RT', 1);
/*!40000 ALTER TABLE `master_iuran` ENABLE KEYS */;

-- membuang struktur untuk table puji.user
CREATE TABLE IF NOT EXISTS `user` (
  `username` varchar(50) NOT NULL,
  `password` varchar(200) DEFAULT NULL,
  `status` varchar(10) DEFAULT NULL,
  `id_warga` int(11) DEFAULT NULL,
  `key` varchar(200) DEFAULT NULL,
  PRIMARY KEY (`username`)
) ENGINE=InnoDB DEFAULT CHARSET=latin1;

-- Membuang data untuk tabel puji.user: ~0 rows (lebih kurang)
/*!40000 ALTER TABLE `user` DISABLE KEYS */;
INSERT INTO `user` (`username`, `password`, `status`, `id_warga`, `key`) VALUES
	('admin', '21232f297a57a5a743894a0e4a801fc3', '1', 13, NULL),
	('rt', '81dc9bdb52d04dc20036dbd8313ed055', '1', NULL, NULL);
/*!40000 ALTER TABLE `user` ENABLE KEYS */;

-- membuang struktur untuk table puji.warga
CREATE TABLE IF NOT EXISTS `warga` (
  `id_warga` int(11) NOT NULL AUTO_INCREMENT,
  `nik` varchar(50) NOT NULL,
  `nama` varchar(50) NOT NULL,
  `tmp_lahir` varchar(100) NOT NULL,
  `tgl_lahir` date NOT NULL,
  `alamat` varchar(200) NOT NULL,
  `kota` varchar(50) NOT NULL,
  `blok` int(11) NOT NULL DEFAULT '0',
  `nomer_blok` varchar(10) NOT NULL,
  `agama` int(11) NOT NULL DEFAULT '0',
  `jenis_kelamin` int(11) NOT NULL DEFAULT '0',
  `pekerjaan` varchar(200) NOT NULL,
  `main` int(11) NOT NULL,
  `parent` int(11) NOT NULL,
  `status_aktif` int(11) NOT NULL DEFAULT '0',
  `status_tmp_tinggal` int(11) NOT NULL DEFAULT '0',
  `keterangan` varchar(200) NOT NULL,
  `status_pernikahan` int(11) NOT NULL DEFAULT '0',
  `status_hubungan` int(11) NOT NULL DEFAULT '0',
  `pendidikan` varchar(50) NOT NULL,
  `telp` varchar(50) NOT NULL,
  `bulan_masuk` int(11) NOT NULL,
  `tahun_masuk` int(11) NOT NULL,
  `dateupdate` datetime NOT NULL,
  PRIMARY KEY (`id_warga`),
  KEY `nama` (`nama`),
  KEY `blok` (`blok`),
  KEY `nomer_blok` (`nomer_blok`),
  KEY `main` (`main`)
) ENGINE=InnoDB AUTO_INCREMENT=82 DEFAULT CHARSET=latin1;

-- Membuang data untuk tabel puji.warga: ~74 rows (lebih kurang)
/*!40000 ALTER TABLE `warga` DISABLE KEYS */;
INSERT INTO `warga` (`id_warga`, `nik`, `nama`, `tmp_lahir`, `tgl_lahir`, `alamat`, `kota`, `blok`, `nomer_blok`, `agama`, `jenis_kelamin`, `pekerjaan`, `main`, `parent`, `status_aktif`, `status_tmp_tinggal`, `keterangan`, `status_pernikahan`, `status_hubungan`, `pendidikan`, `telp`, `bulan_masuk`, `tahun_masuk`, `dateupdate`) VALUES
	(1, '', 'LUKMAN', '', '0000-00-00', '', '', 1, '1', 0, 1, '', 1, 0, 1, 0, '', 0, 0, '', '', 0, 0, '0000-00-00 00:00:00'),
	(2, '', 'FACHRUL ALI', '', '0000-00-00', '', '', 1, '2', 0, 1, '', 1, 0, 1, 0, '', 0, 0, '', '', 0, 0, '0000-00-00 00:00:00'),
	(3, '', 'DIDIK', '', '0000-00-00', '', '', 1, '4', 0, 1, '', 1, 0, 1, 0, '', 0, 0, '', '', 6, 2018, '0000-00-00 00:00:00'),
	(4, '', 'FAISAL', '', '2018-08-06', '', '', 1, '5', 0, 1, '', 1, 0, 1, 0, '', 1, 1, '', '', 0, 0, '2018-08-06 20:19:50'),
	(5, '', 'SAMSUL ISLAM', '', '0000-00-00', '', '', 1, '6', 0, 1, '', 1, 0, 1, 0, '', 0, 0, '', '', 0, 0, '0000-00-00 00:00:00'),
	(7, '', 'ADIT', '', '0000-00-00', '', '', 1, '8', 0, 1, '', 1, 0, 1, 0, '', 0, 0, '', '', 4, 2018, '0000-00-00 00:00:00'),
	(8, '', 'IFEN', '', '0000-00-00', '', '', 1, '9', 0, 1, '', 1, 0, 1, 0, '', 0, 0, '', '', 0, 0, '0000-00-00 00:00:00'),
	(9, '', 'RUDI', '', '0000-00-00', '', '', 1, '15', 0, 1, '', 1, 0, 1, 0, '', 0, 0, '', '', 0, 0, '0000-00-00 00:00:00'),
	(10, '', 'TITIK', '', '0000-00-00', '', '', 1, '21', 0, 2, '', 1, 0, 1, 0, '', 0, 0, '', '', 0, 0, '0000-00-00 00:00:00'),
	(11, '', 'ROSA', '', '0000-00-00', '', '', 1, '18', 0, 2, '', 1, 0, 1, 0, '', 0, 0, '', '', 0, 0, '0000-00-00 00:00:00'),
	(12, '', 'RINI SETYOWATI', '', '0000-00-00', '', '', 1, '16', 0, 2, '', 1, 0, 1, 0, '', 0, 0, '', '', 0, 0, '0000-00-00 00:00:00'),
	(13, '', 'NGUDI', '', '0000-00-00', '', '', 1, '19', 0, 1, '', 1, 0, 1, 0, '', 0, 0, '', '', 0, 0, '0000-00-00 00:00:00'),
	(14, '', 'IMRON', '', '0000-00-00', '', '', 1, '22', 0, 1, '', 1, 0, 1, 0, '', 0, 0, '', '', 0, 0, '0000-00-00 00:00:00'),
	(15, '', 'ERVAN', '', '2018-08-06', '', '', 1, '23', 0, 1, '', 1, 0, 0, 0, '', 0, 0, '', '', 0, 0, '2018-08-06 20:23:54'),
	(16, '', 'HANAFI', '', '0000-00-00', '', '', 1, '24', 0, 1, '', 1, 0, 1, 0, '', 0, 0, '', '', 0, 0, '0000-00-00 00:00:00'),
	(17, '', 'DANI HERMAWAN', '', '0000-00-00', '', '', 1, '17', 0, 1, '', 1, 0, 1, 0, '', 0, 0, '', '', 0, 0, '0000-00-00 00:00:00'),
	(18, '', 'LUKI', '', '0000-00-00', '', '', 2, '2', 0, 1, '', 1, 0, 1, 0, '', 0, 0, '', '', 0, 0, '0000-00-00 00:00:00'),
	(19, '', 'FAJAR', '', '0000-00-00', '', '', 2, '3', 0, 1, '', 1, 0, 1, 0, '', 0, 0, '', '', 0, 0, '0000-00-00 00:00:00'),
	(20, '', 'ASRUL MARIADI', '', '0000-00-00', '', '', 2, '4', 0, 1, '', 1, 0, 1, 0, '', 0, 0, '', '', 0, 0, '0000-00-00 00:00:00'),
	(21, '', 'REZA', '', '0000-00-00', '', '', 2, '5', 0, 1, '', 1, 0, 1, 0, '', 0, 0, '', '', 0, 0, '0000-00-00 00:00:00'),
	(22, '', 'HARIONO', '', '0000-00-00', '', '', 2, '9', 0, 1, '', 1, 0, 1, 0, '', 0, 0, '', '', 0, 0, '0000-00-00 00:00:00'),
	(23, '', 'AMIN', '', '0000-00-00', '', '', 2, '10', 0, 1, '', 1, 0, 1, 0, '', 0, 0, '', '', 0, 0, '0000-00-00 00:00:00'),
	(24, '', 'EKO BUDI S', '', '0000-00-00', '', '', 2, '12', 0, 1, '', 1, 0, 1, 0, '', 0, 0, '', '', 0, 0, '0000-00-00 00:00:00'),
	(25, '', 'ABDIL HAKAM', '', '0000-00-00', '', '', 2, '12A', 0, 1, '', 1, 0, 1, 0, '', 0, 0, '', '', 0, 0, '0000-00-00 00:00:00'),
	(26, '', 'ROBY', '', '0000-00-00', '', '', 2, '16', 0, 1, '', 1, 0, 1, 0, '', 0, 0, '', '', 0, 0, '0000-00-00 00:00:00'),
	(28, '', 'NORRIS', '', '0000-00-00', '', '', 3, '1', 0, 1, '', 1, 0, 1, 0, '', 0, 0, '', '', 0, 0, '0000-00-00 00:00:00'),
	(29, '', 'PUTU SUKMAJAYA', '', '0000-00-00', '', '', 3, '3', 0, 1, '', 1, 0, 1, 0, '', 0, 0, '', '', 0, 0, '0000-00-00 00:00:00'),
	(30, '', 'MISJIANTORO', '', '0000-00-00', '', '', 3, '5', 0, 1, '', 1, 0, 1, 0, '', 0, 0, '', '', 3, 2018, '0000-00-00 00:00:00'),
	(31, '', 'YULI SETYAWAN', '', '0000-00-00', '', '', 3, '7', 0, 1, '', 1, 0, 1, 0, '', 0, 0, '', '', 0, 0, '0000-00-00 00:00:00'),
	(32, '', 'AGUS SUJIONO', '', '0000-00-00', '', '', 3, '9', 0, 1, '', 1, 0, 1, 0, '', 0, 0, '', '', 0, 0, '0000-00-00 00:00:00'),
	(33, '', 'SITI KHOLIFAH', '', '0000-00-00', '', '', 3, '10', 0, 2, '', 1, 0, 1, 0, '', 0, 0, '', '', 0, 0, '0000-00-00 00:00:00'),
	(34, '', 'AGIEK', '', '0000-00-00', '', '', 3, '11', 0, 1, '', 1, 0, 1, 0, '', 0, 0, '', '', 0, 0, '0000-00-00 00:00:00'),
	(35, '', 'EKO SULKANI', '', '0000-00-00', '', '', 3, '12', 0, 1, '', 1, 0, 1, 0, '', 0, 0, '', '', 0, 0, '0000-00-00 00:00:00'),
	(36, '', 'M. HANDI AGUNG', '', '0000-00-00', '', '', 3, '12A', 0, 1, '', 1, 0, 1, 0, '', 0, 0, '', '', 0, 0, '0000-00-00 00:00:00'),
	(37, '', 'BU SUBIANTO', '', '0000-00-00', '', '', 3, '15', 0, 1, '', 1, 0, 1, 0, '', 0, 0, '', '', 0, 0, '0000-00-00 00:00:00'),
	(38, '', 'AMRI UMAR', '', '0000-00-00', '', '', 3, '16', 0, 1, '', 1, 0, 1, 0, '', 0, 0, '', '', 0, 0, '0000-00-00 00:00:00'),
	(39, '', 'MUANAM', '', '0000-00-00', '', '', 3, '2', 0, 1, '', 1, 0, 1, 0, '', 0, 0, '', '', 0, 0, '0000-00-00 00:00:00'),
	(40, '', 'M. AFIF', '', '0000-00-00', '', '', 3, '6', 0, 1, '', 1, 0, 1, 0, '', 0, 0, '', '', 0, 0, '0000-00-00 00:00:00'),
	(41, '', 'LULUK DWI H', '', '0000-00-00', '', '', 4, '1', 0, 1, '', 1, 0, 1, 0, '', 0, 0, '', '', 0, 0, '0000-00-00 00:00:00'),
	(42, '', 'NUNANG', '', '0000-00-00', '', '', 4, '2', 0, 1, '', 1, 0, 1, 0, '', 0, 0, '', '', 0, 0, '0000-00-00 00:00:00'),
	(44, '', 'DEBBY BAMBANG', '', '0000-00-00', '', '', 4, '5', 0, 1, '', 1, 0, 1, 0, '', 0, 0, '', '', 0, 0, '0000-00-00 00:00:00'),
	(45, '', 'HENDRA', '', '0000-00-00', '', '', 4, '6', 0, 1, '', 1, 0, 1, 0, '', 0, 0, '', '', 6, 2018, '0000-00-00 00:00:00'),
	(46, '', 'DEBY SETYAWAN', '', '0000-00-00', '', '', 4, '4', 0, 1, '', 1, 0, 1, 0, '', 0, 0, '', '', 0, 0, '0000-00-00 00:00:00'),
	(47, '', 'KUNTORO BUDI', '', '0000-00-00', '', '', 4, '7-8', 0, 1, '', 1, 0, 1, 0, '', 0, 0, '', '', 0, 0, '0000-00-00 00:00:00'),
	(48, '', 'KARNO', '', '0000-00-00', '', '', 4, '9', 0, 1, '', 1, 0, 1, 0, '', 0, 0, '', '', 0, 0, '0000-00-00 00:00:00'),
	(49, '', 'HERI PURWANTO', '', '0000-00-00', '', '', 4, '12', 0, 1, '', 1, 0, 1, 0, '', 0, 0, '', '', 2, 2018, '0000-00-00 00:00:00'),
	(50, '', 'MUSTOFA', '', '0000-00-00', '', '', 4, '16', 0, 1, '', 1, 0, 1, 0, '', 0, 0, '', '', 0, 0, '0000-00-00 00:00:00'),
	(51, '', 'M. LUTFI ANDI', '', '0000-00-00', '', '', 4, '11B', 0, 1, '', 1, 0, 1, 0, '', 0, 0, '', '', 0, 0, '0000-00-00 00:00:00'),
	(52, '', 'YONO EKO', '', '0000-00-00', '', '', 4, '14-15', 0, 1, '', 1, 0, 1, 0, '', 0, 0, '', '', 0, 0, '0000-00-00 00:00:00'),
	(53, '', 'HENDRA K', '', '0000-00-00', '', '', 4, '12A', 0, 1, '', 1, 0, 1, 0, '', 0, 0, '', '', 0, 0, '0000-00-00 00:00:00'),
	(54, '', 'ARUM', '', '0000-00-00', '', '', 4, '17', 0, 2, '', 1, 0, 1, 0, '', 0, 0, '', '', 0, 0, '0000-00-00 00:00:00'),
	(55, '', 'ATUR BASUKI', '', '0000-00-00', '', '', 5, '1', 0, 1, '', 1, 0, 1, 0, '', 0, 0, '', '', 0, 0, '0000-00-00 00:00:00'),
	(56, '', 'GADING', '', '0000-00-00', '', '', 5, '2', 0, 1, '', 1, 0, 1, 0, '', 0, 0, '', '', 0, 0, '0000-00-00 00:00:00'),
	(57, '', 'ENDIK', '', '0000-00-00', '', '', 5, '4', 0, 1, '', 1, 0, 1, 0, '', 0, 0, '', '', 0, 0, '0000-00-00 00:00:00'),
	(58, '', 'ARIF', '', '0000-00-00', '', '', 5, '6', 0, 1, '', 1, 0, 1, 0, '', 0, 0, '', '', 0, 0, '0000-00-00 00:00:00'),
	(59, '', 'DICKY', '', '0000-00-00', '', '', 5, '9', 0, 1, '', 1, 0, 1, 0, '', 0, 0, '', '', 0, 0, '0000-00-00 00:00:00'),
	(60, '', 'REDY MUNAR', '', '0000-00-00', '', '', 5, '10', 0, 1, '', 1, 0, 1, 0, '', 0, 0, '', '', 0, 0, '0000-00-00 00:00:00'),
	(61, '', 'DESLIN ANASTASYA', '', '0000-00-00', '', '', 5, '11', 0, 2, '', 1, 0, 1, 0, '', 0, 0, '', '', 5, 2018, '0000-00-00 00:00:00'),
	(62, '', 'PUJI SETYOWARGONI', '', '0000-00-00', '', '', 5, '12A', 0, 2, '', 1, 0, 1, 0, '', 0, 0, '', '', 6, 2018, '0000-00-00 00:00:00'),
	(63, '', 'PAULA ZULQARNAIN', '', '0000-00-00', '', '', 5, '12', 0, 2, '', 1, 0, 1, 0, '', 0, 0, '', '', 0, 0, '0000-00-00 00:00:00'),
	(64, '', 'YOGA', '', '0000-00-00', '', '', 5, '15', 0, 1, '', 1, 0, 1, 0, '', 0, 0, '', '', 0, 0, '0000-00-00 00:00:00'),
	(65, '', 'RESTA', '', '0000-00-00', '', '', 5, '16', 0, 1, '', 1, 0, 1, 0, '', 0, 0, '', '', 6, 2018, '0000-00-00 00:00:00'),
	(66, '', 'NYOTO SANTOSO', '', '0000-00-00', '', '', 5, '19', 0, 1, '', 1, 0, 1, 0, '', 0, 0, '', '', 0, 0, '0000-00-00 00:00:00'),
	(67, '', 'YOHANES', '', '0000-00-00', '', '', 5, '22', 0, 1, '', 1, 0, 1, 0, '', 0, 0, '', '', 0, 0, '0000-00-00 00:00:00'),
	(68, '', 'FARIDA', '', '0000-00-00', '', '', 5, '14', 0, 2, '', 1, 0, 1, 0, '', 0, 0, '', '', 0, 0, '0000-00-00 00:00:00'),
	(69, '', 'HENDRO', '', '0000-00-00', '', '', 6, '1', 0, 1, '', 1, 0, 1, 0, '', 0, 0, '', '', 0, 0, '0000-00-00 00:00:00'),
	(70, '', 'TAUFIK', '', '2018-09-09', '', '', 6, '18', 0, 1, '', 1, 0, 1, 0, '', 0, 0, '', '', 0, 0, '2018-09-09 10:12:17'),
	(71, '', 'Titik arema', '', '2018-08-08', '', '', 5, '20', 1, 2, '', 1, 0, 1, 0, '', 0, 0, '', '', 0, 0, '2018-08-08 20:12:55'),
	(73, '', 'Sevan', '', '2018-08-21', '', '', 6, '9', 0, 0, '', 1, 0, 1, 0, '', 0, 0, '', '', 6, 2018, '2018-08-30 21:37:49'),
	(74, '', 'NABIL', '', '2018-08-21', '', '', 6, '10', 0, 0, '', 1, 0, 1, 0, '', 0, 0, '', '', 6, 2018, '2018-08-30 21:38:52'),
	(75, '', 'FREDI', '', '2018-08-21', '', '', 6, '19', 0, 0, '', 1, 0, 1, 0, '', 0, 0, '', '', 8, 2018, '2018-08-30 21:38:29'),
	(76, '', 'Alwi / Cak wie', '', '2018-08-25', '', '', 4, '19', 0, 0, '', 1, 0, 1, 0, '', 0, 0, '', '', 0, 0, '2018-08-25 21:05:58'),
	(77, '', 'Alix wijaya', '', '2018-09-08', 'Csr', '', 2, '1', 1, 1, '', 1, 0, 1, 2, '', 0, 0, '', '', 8, 2018, '2018-09-09 20:40:14'),
	(78, '', 'Nafis', '', '2018-09-13', '', '', 2, '8', 1, 0, '', 1, 0, 1, 0, '', 0, 0, '', '', 0, 0, '2018-09-13 16:43:08'),
	(79, '', 'NIKMATUROHMAH', '', '2018-10-10', '', '', 2, '6', 0, 0, '', 1, 0, 1, 0, '', 0, 0, '', '', 0, 0, '2018-10-10 20:15:56'),
	(80, '', 'Vivi', '', '2018-10-27', '', '', 5, '8', 0, 0, '', 1, 0, 1, 0, '', 0, 0, '', '', 0, 0, '2018-10-27 21:00:48'),
	(81, '', 'SUNARKO', '', '2018-12-03', '', '', 1, '10', 1, 1, '', 1, 0, 1, 2, '', 1, 1, '', '', 12, 2018, '2018-12-03 19:10:03');
/*!40000 ALTER TABLE `warga` ENABLE KEYS */;

/*!40101 SET SQL_MODE=IFNULL(@OLD_SQL_MODE, '') */;
/*!40014 SET FOREIGN_KEY_CHECKS=IF(@OLD_FOREIGN_KEY_CHECKS IS NULL, 1, @OLD_FOREIGN_KEY_CHECKS) */;
/*!40101 SET CHARACTER_SET_CLIENT=@OLD_CHARACTER_SET_CLIENT */;
